track_id,artist_location,artist_latitude,artist_longitude
TRASQIB128F426693D,The Bronx/ New York,nan,nan
TRANRIK128F148C860,St. Joseph/ MO,nan,nan
TRAZOSB128F9302A07,Los Angeles/ CA,nan,nan
TRAZDPO128E078ECE6,Boston/ MA,nan,nan
TRAZSVJ128E0785129,,nan,nan
TRBAFBU128F427EFCE,London/ England,nan,nan
TRBDAVU128F423814A,Sayreville/ NJ,nan,nan
TRATCDG128F932B4D2,Seattle/ Washington,nan,nan
TRAGDLM128F4233397,,nan,nan
TRAFTFF128F930F77C,,nan,nan
TRATOHC128EF3460DA,Borlänge,nan,nan
TRBFEIX128F426A5F8,Newcastle,nan,nan
TRBICGT128E0792473,,nan,nan
TRAEPAW128F4285BAB,,nan,nan
TRAPGOC128F932F01A,West London/ England,nan,nan
TRBFJGB128F42612B1,Houston/ TX,nan,nan
TRAEOOH128F934ACD4,Antarctica,nan,nan
TRAUGRD128F425E997,,nan,nan
TRAYUCR128E078EE0F,London/ England,nan,nan
TRASIKP128F423EED7,London/ England,nan,nan
TRAKORW128F1484DF0,Los Angeles &amp; New York,nan,nan
TRAUYOD128F42647FE,,nan,nan
TRABLYQ128F429A9F8,,nan,nan
TRARDUI12903CBF6B6,,nan,nan
TRAMLZC128F92F3EB9,New York NY,nan,nan
TRASIWA12903CFFC4D,St. Mary's/ Jamaica,nan,nan
TRAILUH128E0784D6D,St. Louis/ MO,nan,nan
TRASXHB128F933D3BD,Boston/ MA,nan,nan
TRAESJK128E0792227,St. Joseph/ MO,nan,nan
TRAJOIH128F14B08F7,ITALY,nan,nan
TRASUJK128E0789C12,,nan,nan
TRAQTOS128F428E94B,,nan,nan
TRAAHEG128E07861C3,Newark/ NJ,nan,nan
TRAEGGV128F92F29B2,GERMANY,nan,nan
TRBBKLD128F424ABF5,Louisiana,nan,nan
TRAGBHV128F4295074,Miami/ Florida,nan,nan
TRBBJFO12903D074EE,Los Angeles/ CA,nan,nan
TRAXAZZ128F4255FAF,,nan,nan
TRBIHAU128F425C317,Amherst/ MA,nan,nan
TRAZZLJ128E07945F2,,nan,nan
TRAJXNB128F4261F43,Carle Place/ New York,nan,nan
TRBHYTA128F93425AC,,nan,nan
TRAWRWK128F4260B37,,nan,nan
TRAINYU128F4246BD1,Oxford/ England,nan,nan
TRBAZYH128F4288198,,nan,nan
TRAILKS128F14A3AC9,,nan,nan
TRAATNJ128F42631BA,Bakersfield/ CA,nan,nan
TRAWVWS128F42ADCD1,,nan,nan
TRAEUIW12903D018F0,Galveston/ TX,nan,nan
TRAWPBO128F933D918,,nan,nan
TRBCYOI128F1455566,New York/ NY,nan,nan
TRARDJY128F14750EA,Los Angeles/ CA,nan,nan
TRANVZT128F42AE134,Austin/ TX,nan,nan
TRAUZFY128F42BCE57,,nan,nan
TRAWOHD128F148D176,Chicago/ IL,nan,nan
TRAVELY128F42606F8,Queens/ NY,nan,nan
TRAADQX128F422B4CF,,nan,nan
TRBCGRI128F93355E9,Glasgow/ Scotland,nan,nan
TRBGWEG12903CFF7EE,Virginia,nan,nan
TRAPMYO128F14903F5,,nan,nan
TRAVCNA128F930975C,Sweden,nan,nan
TRAUOPA128F93537F2,Syracuse/ NY,nan,nan
TRAPASL128F422BC00,Providence/ RI,nan,nan
TRAGJQL128E078E840,Timmins/ Ontario/ Canada,nan,nan
TRATGTP128F427021D,Brooklyn/ NY,nan,nan
TRAGDPS128F145F8EE,Los Angeles/ CA,nan,nan
TRAAMPA128F92E7D0D,Los Angeles/ CA,nan,nan
TRAFMME128F932B4D5,Seattle/ Washington,nan,nan
TRARBBK128F427ED68,,nan,nan
TRAHFHR12903CCCAF8,New York NY,nan,nan
TRBHCXR128F92E7D0E,Los Angeles/ CA,nan,nan
TRBDSFP128E07937B9,,nan,nan
TRAGLSU128F145FFB2,,nan,nan
TRAWIJG128F42B502C,Timmins/ Ontario/ Canada,nan,nan
TRAXWDS12903CEE35E,Sydney/ Australia,nan,nan
TRACJPW128F932CA4C,,nan,nan
TRAPVYD12903CE0269,NORWAY,nan,nan
TRAHMIV128F14693DC,United Kingdom,nan,nan
TRBDIOP128EF35F99C,Los Angeles/ CA,nan,nan
TRAEVRU128F4263351,Santa Monica/ CA,nan,nan
TRAFEEO12903CFEC87,,nan,nan
TRAJPPX128F4259FD4,London/ England,nan,nan
TRAGSGF128E0780CA7,,nan,nan
TRASYQQ128F425092B,,nan,nan
TRAXCZO12903CB819D,,nan,nan
TRBHHUC128F4294C6F,CANADA - Ontario,nan,nan
TRAKGDZ12903CE4867,LONG BEACH/ California,nan,nan
TRBHGVH128F148AD73,,nan,nan
TRBGCLK128F4237A50,Chiswick/ London/ England,nan,nan
TRAACHN128F1489601,,nan,nan
TRAPGFN12903CB5BAC,,nan,nan
TRAABVM128F92CA9DC,,nan,nan
TRBCVPD12903CECBE8,,nan,nan
TRACBWX128F92FD725,Edmonton/ Alberta/ Canada,nan,nan
TRAZVFJ128F9310CE2,Oxford/ UK,nan,nan
TRACMHD128F931FB14,Helsinki/ Finland,nan,nan
TRAFWRG128F4295089,Miami/ Florida,nan,nan
TRAKPJC128F4258613,,nan,nan
TRALMTD128E07862AC,Newark/ NJ,nan,nan
TRBDTNY128F9327A10,England,nan,nan
TRAHCRI128F4255C6E,Paw Paw/ WV,nan,nan
TRAUODU128F9307467,Charlottesville/ VA,nan,nan
TRABRMJ128E0780E42,Poway/ CA,nan,nan
TRAFRCH12903CEA22D,,nan,nan
TRABUIN128F93022FF,,nan,nan
TRAPRQZ128F427E188,Calcutta/ India,nan,nan
TRAXQDR128F4260194,,nan,nan
TRBHKKJ128F427A3B1,Croix-des-Bouquets/  Haiti,nan,nan
TRBCIRO128F42B0277,,nan,nan
TRBDDKF128F426BF7B,PHILADELPHIA/ Pennsylvania,nan,nan
TRAPESV128F92FE5E9,Shelby/ North Carolina,nan,nan
TRBAHBP128F42985D6,New Jersey,nan,nan
TRAJFRJ128F9328FF1,Memphis/ Tennessee,nan,nan
TRAOJEW128F4294CBD,Mogadishu/ Somalia,nan,nan
TRAATIU128F4291A84,Atlanta/ GA,nan,nan
TRBIFUD128F1495AE2,,nan,nan
TRAHXWI128F428B7DA,,nan,nan
TRBFUMI128F42B5731,New York/ NY,nan,nan
TRBAHID128F4278EAF,Barranquilla/ Colombia,nan,nan
TRAVGFT128F424278B,,nan,nan
TRAQAIW12903C9B61E,,nan,nan
TRAUNNH12903CB038C,,nan,nan
TRAQGNV128C7196894,Poway/ CA,nan,nan
TRBAYER128F933D3B7,Boston/ MA,nan,nan
TRAMOLS128F92F99E3,,nan,nan
TRAGWTT128F148CF2C,Gainesville/ FL,nan,nan
TRBGITL12903CF2662,,nan,nan
TRBCANP128F92FA6B9,New York/ NY,nan,nan
TRAYSMW128F1468307,,nan,nan
TRAMIUD128E07825DB,Richmond VA,nan,nan
TRAZWDT128F4241B14,Quantico/ VA,nan,nan
TRAIUYZ128F425BD2F,,nan,nan
TRAYJOF128F92F9EEA,,nan,nan
TRAIZWI128F4247EFD,,nan,nan
TRAZVZJ128F92EF28A,San Francisco/ CA,nan,nan
TRAQKPR128F427DDF8,Centre,nan,nan
TRAOKSC128F4264989,,nan,nan
TRAGYDZ12903D0957F,Seattle/ WA,nan,nan
TRADXCF128EF357134,Dundee/ Scotland,nan,nan
TRBFGFF12903CF4183,,nan,nan
TRANCSE128F93044F1,Barranquilla/ Colombia,nan,nan
TRAEFDK128F1473B92,United States,nan,nan
TRAOYHS128F427EF8B,Sacramento/ CA,nan,nan
TRAAGPJ128F428CD1B,,nan,nan
TRAOEAQ12903CC26BD,Long Island/ NY,nan,nan
TRANIJQ128F4298A10,New York/ NY,nan,nan
TRBBILZ12903CB422C,San Francisco/ CA,nan,nan
TRBHBGB128F931E4CF,Philadelphia/ Pennsylvania,nan,nan
TRACSIE128F427F98E,The Bronx/ New York,nan,nan
TRAEWLF128F42B1F89,Minneapolis/ MN,nan,nan
TRAWDWZ128F9340E55,Fairfax/ California,nan,nan
TRAHLDM128F933A3B1,,nan,nan
TRALJBT128F4266FD8,The Bronx/ New York,nan,nan
TRBAXDP12903CD1922,Ukiah/ CA,nan,nan
TRAEVRI128F93608F3,Chiswick/ London/ England,nan,nan
TRAZXBO128F429DA70,,nan,nan
TRANCFS12903C9B61B,,nan,nan
TRACRON12903CB59E6,Columbus/ OH,nan,nan
TRAUZTR128F9351D2A,,nan,nan
TRASLVK128F935046C,,nan,nan
TRBGTZD128EF34B6C3,,nan,nan
TRANJWP128F428560C,,nan,nan
TRBFJPO128F4295BE3,Barranquilla/ Colombia,nan,nan
TRBGHVM128F146B47A,,nan,nan
TRAJZCH128F933D2B7,Boston/ MA,nan,nan
TRAVUAJ128E078EDA2,Boston/ MA,nan,nan
TRBBMPH128F1469775,United Kingdom,nan,nan
TRBGIDU128F4241A2E,Seattle/ WA,nan,nan
TRAEASY128F148247C,,nan,nan
TRAJSRH128F425DDC7,,nan,nan
TRAQDZZ128F42AF66A,Memphis/ TN,nan,nan
TRAZCSY128F42683F2,California - LA,nan,nan
TRANCCN128E0794B18,Los Angeles/ CA,nan,nan
TRASYWM128F14804A5,,nan,nan
TRAOWBP128F4257C64,Galveston/ TX,nan,nan
TRAYOXN128E07926A8,,nan,nan
TRAETTV12903CBBD09,Seattle/ USA,nan,nan
TRAASQC128F93480F0,Chicago,nan,nan
TRADPDI128F92EBD32,,nan,nan
TRASYIH12903D08529,Los Angeles,nan,nan
TRBEKGR128F425DA44,Los Angeles/ CA,nan,nan
TRBFZRA128F427030C,,nan,nan
TRARMHA128F92E7D32,Los Angeles/ CA,nan,nan
TRBHZUN12903CA60F7,,nan,nan
TRABJWA128F9309C09,Helsinki/ Finland,nan,nan
TRARHCB128F148D1B0,New Jersey,nan,nan
TRBECKU128F428B08A,,nan,nan
TRANIVG128F1484DED,Los Angeles &amp; New York,nan,nan
TRAXJOA128F93474E8,,nan,nan
TRAQITZ128F4265E0E,Kingsland/ AR,nan,nan
TRBCSDW128F424D686,Maine,nan,nan
TRAMEEC128F9307A54,,nan,nan
TRBEMTF128F42660CA,,nan,nan
TRBEFFG128E0793C24,,nan,nan
TRBHJJP128F145EA12,San Antonio/ TX,nan,nan
TRAFJVH128F42BC25E,Compton CA,nan,nan
TRBEUKI128F9318306,Teoc/ MS,nan,nan
TRAKQXJ128F147A028,Ukiah/ CA,nan,nan
TRAWXYD128F4255FBD,,nan,nan
TRACUCT128F422BC2F,Denver/ CO,nan,nan
TRBGWVI128E0788AE7,,nan,nan
TRAGALM128F4236C86,Japan,nan,nan
TRAKFSV128F4257C10,,nan,nan
TRARSZV12903CDB2DE,Hudsonville/ MS,nan,nan
TRACFAP128E07862C1,,nan,nan
TRBACUF128F4247F8C,Minneapolis/ MN,nan,nan
TRBBVNR128E078E1E4,Los Angeles/ CA,nan,nan
TRAJBTZ12903CB818C,,nan,nan
TRAMKKJ128F1463612,NY - Long Island,nan,nan
TRALEPN128F9311179,Sheffield/ South Yorkshire/ Engla,nan,nan
TRAVKJJ128F424DA32,Chicago/ IL,nan,nan
TRBBMLR128F1466822,,nan,nan
TRAMARM128E0796A50,Stillwater/ OK,nan,nan
TRBGKGR128F92EE206,,nan,nan
TRAJIUK128F42668E6,Wisconsin,nan,nan
TRBFMFO128F421BFD4,,nan,nan
TRAFZHK128F145E86B,Wilkes Barre/ PA,nan,nan
TRBDYIC128F92F1D17,Detroit MI,nan,nan
TRAVRPL128F145E874,Wilkes Barre/ PA,nan,nan
TRAZEYQ12903C9D099,Beaumont/ Texas,nan,nan
TRAYABW128F4235888,Berkeley/ CA,nan,nan
TRAAAEF128F4273421,London/ England,nan,nan
TRAWEIX128F14B0F05,Mt. Vernon/ NY,nan,nan
TRAVPHL128F424EAE1,Escatawpa/ MS,nan,nan
TRBCBVY128F933A195,,nan,nan
TRAUHXR12903CBDFE4,,nan,nan
TRAWHZK12903CB5A01,Columbus/ OH,nan,nan
TRABZRZ128F42628AD,London/ England,nan,nan
TRABYEY128F933773A,Pittsburgh/ PA,nan,nan
TRAUXSO128F42B863C,Newcastle,nan,nan
TRBFSNP128F14572B5,California - LA,nan,nan
TRANMOT128F92EFF19,Cross Lane/ WV,nan,nan
TRAFOKY128F4276D91,,nan,nan
TRANVKJ128F92F1561,,nan,nan
TRBBJAJ128F425DA40,Los Angeles/ CA,nan,nan
TRAYQKQ128F1491182,London/ England,nan,nan
TRAEMNZ128F9334662,Boston/ MA,nan,nan
TRAUCZX128F149D9AE,Vidor/ TX,nan,nan
TRANRFB128F1481F1E,Batley/ England,nan,nan
TRACFZI128E0795424,California,nan,nan
TRABOXX128F92F29EB,Minnesota,nan,nan
TRAKAGL128F148B3B7,,nan,nan
TRABVWG128F9359323,Los Angeles/ California,nan,nan
TRAYGHE12903CD213E,Braintree/ Essex/ England,nan,nan
TRBHSMF128F4285B9C,,nan,nan
TRAXPHE128F92F4100,Middlesbrough/ England,nan,nan
TRABJIX128C7196953,London,nan,nan
TRAPTRH128F4271659,Beaumont/ Texas,nan,nan
TRAWYNV128F92F5E7E,,nan,nan
TRABSAR128F42324A8,,nan,nan
TRARIZK128F92FF27A,Garnant/ Wales,nan,nan
TRBEYJR128F4292651,Severn/ MD,nan,nan
TRAQEOP12903CA65E2,Barranquilla/ Colombia,nan,nan
TRBALIJ128F14884B5,Muskegon/ MI,nan,nan
TRAFRKU128F933CE16,Atlanta/ GA,nan,nan
TRARJPL128F931C7D2,Salt Lake City/ UT,nan,nan
TRBGNCL128F428F56F,,nan,nan
TRAQQHJ128F9345DC3,Chicago,nan,nan
TRBCJSZ128E07969B5,,nan,nan
TRACHKX128F934B07A,Stockholm,nan,nan
TRBHKKK128F427E9FF,Escatawpa/ MS,nan,nan
TRAKOEB128F1478783,Chicago,nan,nan
TRAKWZL128F93346EE,,nan,nan
TRAICJQ12903CF2681,,nan,nan
TRAVOLQ128F9322DB4,,nan,nan
TRAWRHQ128F1495E6B,Niteroi/ Brazil,nan,nan
TRAMBLO128F4287D24,,nan,nan
TRAQEUQ128F425282E,POLAND,nan,nan
TRALNOD128F4264AEB,Santa Monica/ CA,nan,nan
TRAMFFW128F4263AD7,London/ England,nan,nan
TRAUPSV128F427B621,,nan,nan
TRAHORF12903CDA9FB,Corte Madera CA,nan,nan
TRARKGW128F92EB8F9,NL,nan,nan
TRAPAZE128F4233355,Pittsburgh/ PA,nan,nan
TRANRWM128F42873F9,Tempe/ AZ,nan,nan
TRAYGYF128F930CA01,,nan,nan
TRBDEXM128F4291A7F,,nan,nan
TRAYEGN128F9361233,,nan,nan
TRADGXI128F92EF28F,San Francisco/ CA,nan,nan
TRAPLMD128F932FF43,Los Angeles/ CA,nan,nan
TRANPXL128F42B8FED,,nan,nan
TRBCWOW128F1467692,,nan,nan
TRAFDFD128F14B07AB,,nan,nan
TRASSZL128F428FA5D,,nan,nan
TRARPTJ12903CE2898,,nan,nan
TRANLRX128F4259030,,nan,nan
TRAGLFE128F428566B,,nan,nan
TRAASUZ128F9314950,Bakersfield/ CA,nan,nan
TRATJSR128F4266791,The Bronx/ New York,nan,nan
TRARANL128F1478789,Chicago,nan,nan
TRAZSVT128F92DEC7B,,nan,nan
TRACFOJ128F4253EFA,,nan,nan
TRAFBML128F93163FB,,nan,nan
TRBFVZI128F147FCAF,Chiswick/ London/ England,nan,nan
TRAYJHF128F4294CB8,Mogadishu/ Somalia,nan,nan
TRAIPST128F9302AE9,St. Joseph/ MO,nan,nan
TRAZXDC128F429874E,Kingston/ Jamaica,nan,nan
TRAMBBV128F9337714,Pittsburgh/ PA,nan,nan
TRAAPPQ128F14961F5,Athens/ GA,nan,nan
TRAWLGG128F42884CA,Atlanta/ GA,nan,nan
TRAHCHN128F4276D58,Arles/ France,nan,nan
TRBFBUO128F42A3DED,Eskilstuna/ Sweden,nan,nan
TRAYKOC128F930D2B8,Boston/ MA,nan,nan
TRAUVUF128F148D1AA,New Jersey,nan,nan
TRAWTGS128F14569A8,London/ England,nan,nan
TRBFBOG128F9356C6E,allentown Pennsylvania USA,nan,nan
TRAAXUY128F426BA55,Los Angeles/ CA,nan,nan
TRAMSSK128F92FDC80,,nan,nan
TRAAKAS128F4246013,,nan,nan
TRAMLGE128F92F81DD,,nan,nan
TRABHVL128F92EFB0E,Bridgend/ South Wales/ UK,nan,nan
TRAWDLK128EF342E1E,Newark/ NJ,nan,nan
TRBBEYU128F4235623,,nan,nan
TRAZRAR128F1477778,,nan,nan
TRBDVZL128F92F579F,,nan,nan
TRAEXHW128F92E2602,Geneva/ NY,nan,nan
TRADAYS12903CDBE0F,Greenwood/ MS,nan,nan
TRASMER128F4272C1D,,nan,nan
TRAXMWV128F14612AB,,nan,nan
TRAYZZB128F425B73A,,nan,nan
TRBEHNT128E0792546,,nan,nan
TRBIBTU128F92FDC9D,,nan,nan
TRBEAWP128F422B4D1,,nan,nan
TRBFRZX128F9341EAE,East Flatbush/ Brooklyn/ NY,nan,nan
TRBBQPP128F92EE611,,nan,nan
TRACYDP128F932BC8E,,nan,nan
TRAVHLR128F146B476,,nan,nan
TRAWSXV128F4273E35,Queensbridge/ NY,nan,nan
TRABUVN128F930633C,,nan,nan
TRASBZK128F42692CA,,nan,nan
TRACCVZ128F4291A8A,Atlanta/ GA,nan,nan
TRBFWSP128F92F29B4,GERMANY,nan,nan
TRAQOXO128F42636BD,London/ England,nan,nan
TRBAAGQ128F148D17E,,nan,nan
TRADODV128F4283EB6,Queensbridge/ NY,nan,nan
TRAVJDB128F93305EB,,nan,nan
TRBHDGL128F42324A7,,nan,nan
TRAKRXN128F42670BE,,nan,nan
TRAUYLT128F427538E,,nan,nan
TRAWGLP128F92DE5AD,LOS ANGELES/ California,nan,nan
TRBGWWM12903CCE627,,nan,nan
TRAQVDI128F42969C8,,nan,nan
TRARIRG128F147FC96,Chiswick/ London/ England,nan,nan
TRAMRQS12903D0FD39,,nan,nan
TRAUWWP12903CC79CB,,nan,nan
TRAGHBP128E0793AF7,London/ England,nan,nan
TRAXWQU128F42716E2,Seymour/ IN,nan,nan
TRANCOS128F4267DFB,Borlänge,nan,nan
TRBADGN128F42AA534,Cádiz,nan,nan
TRAXJHG128F427EA02,Escatawpa/ MS,nan,nan
TRBCCAJ128F148CBBB,allentown Pennsylvania USA,nan,nan
TRATZQS128F1467D4B,Georgia,nan,nan
TRAAIAE128F42AC53D,Medicine Lodge/ KS,nan,nan
TRABXVE128F4284AFC,Forest Hills/ Queens/ New York City/ NY/ USA,nan,nan
TRAKOAK128F4248629,,nan,nan
TRBGMJF128F425E8EA,Los Angeles/ CA,nan,nan
TRAWVNL128F9327983,England,nan,nan
TRBANBC128F147E363,,nan,nan
TRAWFGF128E0792FE0,,nan,nan
TRACCJA128F149A144,,nan,nan
TRAPJPD128F14572B3,California - LA,nan,nan
TRAGJPA128F92F9665,Dublin/ Ireland,nan,nan
TRAIQUG128F92F946E,,nan,nan
TRANZIL128F42A2670,Locust Ridge/ TN,nan,nan
TRADJKG12903CE049F,,nan,nan
TRBAHEH128F9327D39,Croix-des-Bouquets/  Haiti,nan,nan
TRAKYWY128F9310CF4,Oxford/ UK,nan,nan
TRBAWKB128F931BAEE,Minnesota,nan,nan
TRBCNWM128F92D50EC,Queens/ NY,nan,nan
TRAVLWL128F424EF6A,Stillwater/ OK,nan,nan
TRAEHXW128F146F3C5,Houston/ TX,nan,nan
TRAQLOD128F145EC9D,Madrid/ Spain,nan,nan
TRBCRDW128F422D8BA,,nan,nan
TRBHGUK128E078E031,,nan,nan
TRADKDX128F9320676,Seattle/ WA,nan,nan
TRACRTS128F9300F7E,Washington/ D.C.,nan,nan
TRAUVSF128F14A0B6F,,nan,nan
TRALRTY128F428BE43,Atlanta/ GA,nan,nan
TRAXDAH128F422BBFC,Providence/ RI,nan,nan
TRAGNBQ128F149CB93,Wilmette/ IL,nan,nan
TRBATRO128F4225566,,nan,nan
TRASDGG128F933EDE2,Pittsburgh/ PA,nan,nan
TRAFRVU128F42649A6,,nan,nan
TRBAIKM12903CBCF21,Regina/ Saskatchewan/ Canada,nan,nan
TRAVYXL128EF34722F,,nan,nan
TRBETHV128F429722F,Cádiz,nan,nan
TRARFKP12903CF5DF1,,nan,nan
TRAKCFG128F149D9B7,Vidor/ TX,nan,nan
TRAZVYP128F1459AD9,London/ England,nan,nan
TRAKMUO128F4215890,Madrid/ Spain,nan,nan
TRAYAKN128F9330A65,,nan,nan
TRAPNII12903CEA4F8,England,nan,nan
TRBCJUF128F93190C2,LDN,nan,nan
TRAHUZS12903C9D9DD,,nan,nan
TRBBZOG128F422B02B,,nan,nan
TRAUONA128F4255A38,,nan,nan
TRAZLLR128F42A8DCC,United States,nan,nan
TRBHEBY128F148CF2B,Gainesville/ FL,nan,nan
TRBAZFD12903CB641D,,nan,nan
TRAWKPT128E0795428,California,nan,nan
TRAXLIU128E07860D4,,nan,nan
TRAUYZG12903CDA4E9,Sayreville/ NJ,nan,nan
TRAEAZV12903D0CBA6,,nan,nan
TRBGZLM128F4221E63,Gainesville/ FL,nan,nan
TRBBAHD128F428E0FE,,nan,nan
TRBFIAK128E07823AA,Wales,nan,nan
TRAKXMS12903CB36F2,Charlottesville/ VA,nan,nan
TRADRNN128F92F7172,Chicago/ IL,nan,nan
TRAYLKH128F427BCCC,,nan,nan
TRBCMSO128F92E6AE5,,nan,nan
TRASPAS128E078DFB3,,nan,nan
TRAPYCR128F4289604,,nan,nan
TRATAIB128F92E81CB,Santa Barbara,nan,nan
TRBFNBC12903CA9800,Atlanta/ GA,nan,nan
TRAFUWI128F934C730,Antarctica,nan,nan
TRAOSFC128F42618F6,New Orleans/ LA,nan,nan
TRBCBLN128F932BC9D,,nan,nan
TRARFAZ128F93481AD,,nan,nan
TRANLJA128F42A5379,Locust Ridge/ TN,nan,nan
TRBESEX128F147BB13,,nan,nan
TRAMRFE128F4267DF3,Borlänge,nan,nan
TRANWOF12903CB3E19,Los Angeles/ CA,nan,nan
TRBGHND128E079438C,New York/ NY,nan,nan
TRAPMTY128F1459DA1,,nan,nan
TRAQEOG128F9353981,Syracuse/ NY,nan,nan
TRAIBXJ128F4260700,Queens/ NY,nan,nan
TRAMFRD128E07833DA,Locust Ridge/ TN,nan,nan
TRAEPZJ12903CB00C4,,nan,nan
TRARIIY128F147187D,New York/ NY,nan,nan
TRAGPAF128EF34542A,Long Island/ NY,nan,nan
TRBBVSO128F9341C12,Medicine Lodge/ KS,nan,nan
TRALDUE128F9312AF2,Dundee/ Scotland,nan,nan
TRBHZYO128E07862BE,,nan,nan
TRAPJFL128F42AA7B4,Seattle/ WA,nan,nan
TRASAIH128F931F567,Orange/ CA,nan,nan
TRBGBIK128F4294A67,,nan,nan
TRAQVOG128F9340E58,Fairfax/ California,nan,nan
TRAJNWY128E078907F,Melbourne/ Australia,nan,nan
TRAPQNA128F93000EB,Gore/ VA,nan,nan
TRAKXIR128F92CF85A,Cleveland/ TN,nan,nan
TRAPCIQ128F4241A74,J�ping/ Sweden,nan,nan
TRASLHI128EF343C84,London/ England,nan,nan
TRBCUPT128F1462B73,Orange/ CA,nan,nan
TRAPZLI128F92DB0CD,,nan,nan
TRAJZYI128F424B412,,nan,nan
TRBGPZX128F4285105,,nan,nan
TRBBGQN128F9310CBE,Oxford/ UK,nan,nan
TRAAZGC12903CB5DFB,,nan,nan
TRAFLZY128F148959F,New Jersey,nan,nan
TRAHXGG128F9350452,Bakersfield/ CA,nan,nan
TRAFABO128F933DE53,,nan,nan
TRAVOHH128F4247EF9,,nan,nan
TRAROQC128F4273979,Barranquilla/ Colombia,nan,nan
TRATTNI128E0799697,Nashville/ TN,nan,nan
TRANBMY128F426416A,Queens/ NY,nan,nan
TRAFWEV128F428D391,,nan,nan
TRBGICJ128F427BA9A,,nan,nan
TRAVMXD12903CBBD0B,Seattle/ USA,nan,nan
TRBHIJC128F92E55E2,Greenwood/ MS,nan,nan
TRBHAAK128F92E27BF,Croix-des-Bouquets/  Haiti,nan,nan
TRAXOQP128F930DD49,,nan,nan
TRADXMA128F4276D94,,nan,nan
TRATDDF128F4294E6A,Eskilstuna/ Sweden,nan,nan
TRATBVA128F9312ACC,,nan,nan
TRAGBND128F92FC400,,nan,nan
TRAJMZL12903CA4807,,nan,nan
TRBAAOT128F4261A18,Sayreville/ NJ,nan,nan
TRBCALG128F1483839,,nan,nan
TRAZACV128F426983D,Glasgow/ Scotland,nan,nan
TRAFBVU128F426B3F6,Oslo/ Norway,nan,nan
TRBCPXR128F42AC544,Medicine Lodge/ KS,nan,nan
TRASCWR12903CCC575,Seattle/ USA,nan,nan
TRAVXBL128F42BB389,,nan,nan
TRAKCAE128F92DACD8,,nan,nan
TRBBEGG128F9314BAA,Medicine Lodge/ KS,nan,nan
TRBGBGO128F4264203,Wisconsin,nan,nan
TRAXLYT128F9348137,,nan,nan
TRAGQQK128F42561AB,,nan,nan
TRALSAJ128F92EDC84,,nan,nan
TRBEAMO128F425B75F,,nan,nan
TRASARO128F145E40F,,nan,nan
TRABTXS128F92E2FDC,,nan,nan
TRBHQHN128F148A1B3,Amherst/ MA,nan,nan
TRBBVBM128F4276D82,Glasgow/ Scotland,nan,nan
TRBIIOT128F423C594,,nan,nan
TRBIAVU128EF3493BA,Paw Paw/ WV,nan,nan
TRAQQVR128F4255A3A,,nan,nan
TRATDLH128F93384B0,LDN,nan,nan
TRABBXU128F92FEF48,Hamtramck/ MI,nan,nan
TRAUNEL128F1467D5C,Georgia,nan,nan
TRBDHUR128F423EC48,,nan,nan
TRBFLIP128E07897B4,,nan,nan
TRARKEH128F1463CB2,,nan,nan
TRAIWZZ128F9306AFF,Bakersfield/ CA,nan,nan
TRARVZG128F1497359,BAKERSFIELD/ California,nan,nan
TRAATPA128F146753C,,nan,nan
TRBBYDT128F14805B4,Chiswick/ London/ England,nan,nan
TRBDLLL128F9331D6E,St. Louis/ MO,nan,nan
TRAZZQC128F427A0F5,Boston/ MA,nan,nan
TRARMYQ128F149F18A,,nan,nan
TRAZNDI128F9321777,,nan,nan
TRBHFBL128F14537D2,,nan,nan
TRACBLO128E0784286,,nan,nan
TRBAMXF128F1470AD6,,nan,nan
TRAJPIQ128F14819A8,,nan,nan
TRBDVVT128F4279D11,Los Angeles CA,nan,nan
TRAGVAO128F4289B5D,Queensbridge/ NY,nan,nan
TRBFIUJ12903CFEB7C,City of Angels,nan,nan
TRBGRIP128F147FCA6,Chiswick/ London/ England,nan,nan
TRAVVBW128F42819B2,,nan,nan
TRALDDK128F9300AC5,Orange/ CA,nan,nan
TRATMAL128F427EC8D,,nan,nan
TRBFYJE128F14A8ABF,Birmingham/ England,nan,nan
TRBCHSH128F93304E1,,nan,nan
TRAKKOH128F42AF40E,The Bronx/ New York,nan,nan
TRBBCJH128F930C970,,nan,nan
TRAPPUN128F429400B,Seattle/ WA,nan,nan
TRAPCHT128F4239830,Orlando/ FL,nan,nan
TRALUTY128F9322DC0,,nan,nan
TRACOHQ128F424C5EF,Cleveland/ OH,nan,nan
TRBIFOK128EF362D20,Los Angeles/ CA,nan,nan
TRAIWNA128F145E2CD,Batley/ England,nan,nan
TRADABC128F4274FCC,,nan,nan
TRAFYGO128F42727E7,,nan,nan
TRADXCO128F426B26D,NY - New York City,nan,nan
TRADJHU128F425459F,,nan,nan
TRABLLK128F428FFAF,Liverpool/ England,nan,nan
TRAZWGV128F425DA7C,Vidor/ TX,nan,nan
TRASTOM12903CBE8A6,,nan,nan
TRBFNMG128F4278109,Boston/ MA,nan,nan
TRAMDUW12903CB5100,ALBUCRAZY/ NEW MEXICO,nan,nan
TRAYYAU128F92D58D0,,nan,nan
TRAXJVO128F42AC534,Medicine Lodge/ KS,nan,nan
TRAWSSL12903CC4734,,nan,nan
TRASYVP12903D09590,Seattle/ WA,nan,nan
TRAUMNH128F92FB67F,,nan,nan
TRAFKRE128F932002B,Baltimore/ MD,nan,nan
TRBIBAQ128F93279F5,England,nan,nan
TRAJUPF128F4231A2C,,nan,nan
TRAYDZH128C71967BC,Coral Spring/ FL,nan,nan
TRBBFOT12903CBCB4F,,nan,nan
TRAPMRV128F92F5F4C,Austin/ TX,nan,nan
TRAYGQU128F934B4F5,Espoo/Helsinki,nan,nan
TRAGYXL128F92F9FCB,,nan,nan
TRAGQBY128F42635B7,London/ England,nan,nan
TRAGFVT128F92ECB5D,Manchester/ England,nan,nan
TRBGGOS128F9307FC5,,nan,nan
TRAONPF128F42480A7,Lynchburg/ VA,nan,nan
TRAONYI128F9324BA3,,nan,nan
TRAKTWZ128EF35E206,Los Angeles &amp; New York,nan,nan
TRAURRP128F4261B94,Austin/ TX,nan,nan
TRAIHFF128EF351817,,nan,nan
TRAGAAF128F9338911,,nan,nan
TRAMPWN128F934C221,,nan,nan
TRALROP128F92CA9CC,Seattle/ WA,nan,nan
TRAJFDU128F426A5F4,Newcastle,nan,nan
TRBFXMJ12903CB50F6,ALBUCRAZY/ NEW MEXICO,nan,nan
TRAAOIN128F9303790,,nan,nan
TRBIJYB128F14AE326,,nan,nan
TRAMPCW128F92CC022,Forest Hills/ Queens/ New York City/ NY/ USA,nan,nan
TRAISYO128E07888A6,Hunington/ Long Island/ NY,nan,nan
TRAPGKY128F42972A9,St. Catharines/ ON/ Canada,nan,nan
TRASSZI128F146EC5F,Dundee/ Scotland,nan,nan
TRBFPRL128F14569B9,London/ England,nan,nan
TRASDYA128F425E84F,Fairfax/ California,nan,nan
TRBDMCC128F9358267,,nan,nan
TRALEER128F4268E6D,,nan,nan
TRBBMXI128F428CCD1,,nan,nan
TRALQGZ128F146F500,Scotland,nan,nan
TRAUSHD128E0795347,Sayreville/ NJ,nan,nan
TRAPGOZ128F933A945,Fargo/ ND,nan,nan
TRBIFGK128F92F23A2,,nan,nan
TRBBTUD128F42A10A3,POLAND,nan,nan
TRBATEY128F4285370,McLellan/ FL,nan,nan
TRBGUHX128F4279757,,nan,nan
TRAZYVR128F4280A24,Long Island/ NY,nan,nan
TRAHCBD128F9336A3E,,nan,nan
TRAMTYX128F42985D0,New Jersey,nan,nan
TRADCIM128F427A3A1,Croix-des-Bouquets/  Haiti,nan,nan
TRAYUKR128F9344BB4,,nan,nan
TRAAQCK128F92E8C33,LDN,nan,nan
TRAGHJX128F426F76F,Duluth/ MN,nan,nan
TRANEMQ128F42A10A8,POLAND,nan,nan
TRAEOBA12903CAFAB0,London/ England,nan,nan
TRBFMAS128E078F352,J�ping/ Sweden,nan,nan
TRAIYAT128F931FEA5,,nan,nan
TRAEVHU128F92D9EA0,Houston/ Texas,nan,nan
TRADFII128F931FC9F,Los Angeles/ CA,nan,nan
TRANTAD128F92FD042,Calcutta/ India,nan,nan
TRAPQQI128F1460D64,Los Angeles/ California,nan,nan
TRATQSL128F932E2ED,,nan,nan
TRAUXSK128F427C58D,Pittsburgh/ PA,nan,nan
TRBFRFR128E0781C86,Gainesville/ FL,nan,nan
TRADJGI128F148B0F6,Fargo/ ND,nan,nan
TRAXUQL128F932D6C4,,nan,nan
TRADFID128F4267231,Newcastle,nan,nan
TRANPWV128F9341281,POLAND,nan,nan
TRAPHZT128F147A02B,Ukiah/ CA,nan,nan
TRBDDTT128F4291192,New Orleans/ LA,nan,nan
TRALNJR128F145AC96,New York/ NY,nan,nan
TRALPKG12903CDCA8A,London/ England,nan,nan
TRAYYCA128F422B2A1,,nan,nan
TRAFCWJ128F42515AE,Teoc/ MS,nan,nan
TRAISYU128F427F486,Tijuana/ Mexico/San Diego/ California,nan,nan
TRACKAP128F425B741,,nan,nan
TRBGNNC128F148D427,allentown Pennsylvania USA,nan,nan
TRAWAXV128F92E075C,Minneapolis/ MN,nan,nan
TRAUOUZ128E078F8BB,Compton/ California,nan,nan
TRAJHDR128F92FA863,,nan,nan
TRBHEVR128F4263CE0,Wisconsin,nan,nan
TRAJHHE128F146815C,Gilmer/ TX,nan,nan
TRAQVUG128F4286DE3,,nan,nan
TRBCGKB12903CC0031,Batley/ England,nan,nan
TRABDTV128E0791839,,nan,nan
TRBATKI128F4284D54,,nan,nan
TRACBWP128C7196948,Escatawpa/ MS,nan,nan
TRADFXD128F424694C,Borlänge,nan,nan
TRASAQI128F426EEA3,Duluth/ MN,nan,nan
TRAPHAH128F42677A4,The Bronx/ New York,nan,nan
TRBGBUY128F422B413,,nan,nan
TRAGCTZ128F4290974,,nan,nan
TRAPZQI128F428CF18,,nan,nan
TRAQSPU128F422146B,,nan,nan
TRAXWLM128F1453E3B,New York/ NY [Harlem],nan,nan
TRBGCAK128F425F3CC,Braintree/ Essex/ England,nan,nan
TRATUPO128F9305A5C,,nan,nan
TRAPHDI128F92F5EA1,,nan,nan
TRAPVBP128F9308A86,,nan,nan
TRBDUSM128F9339A13,,nan,nan
TRAMUUZ128F933CA08,allentown Pennsylvania USA,nan,nan
TRBDIMX128F147A307,Niteroi/ Brazil,nan,nan
TRAFLMU128F4274A4D,ABD,nan,nan
TRACVSS128E07846A7,Dundee/ Scotland,nan,nan
TRANIUD12903CCE692,Montego Bay/ Jamaica,nan,nan
TRAEOMS128F4262357,Berkeley/ CA,nan,nan
TRARUOP12903CF2384,Boston/ MA,nan,nan
TRAJCLY128F930F893,,nan,nan
TRAKRXM128F4250E33,,nan,nan
TRATDIZ128F4242796,,nan,nan
TRALZXZ128F92E26EF,,nan,nan
TRBEIVC128F9320E95,Dundee/ Scotland,nan,nan
TRAQXJY12903CF3A0E,Birmingham/ England,nan,nan
TRAQRFD128F9322DE6,,nan,nan
TRAAQIH128F428BDEA,,nan,nan
TRBHJPQ128E078ED8F,,nan,nan
TRAMGPM128F9311196,Sheffield/ South Yorkshire/ Engla,nan,nan
TRAWULX128F4291255,Medicine Lodge/ KS,nan,nan
TRACTWW12903CB7550,Richmond VA,nan,nan
TRAUJLJ128E0784E7C,Brooklyn/ NY,nan,nan
TRAGKUI128F92F4698,Sweden,nan,nan
TRAHSAW128F4253EFC,,nan,nan
TRAXRGF128F930A59F,New York/ NY,nan,nan
TRAUWQL128F424696E,,nan,nan
TRAIACZ128F428C60A,Atlanta/ GA,nan,nan
TRBBBMT128F42A0A4E,,nan,nan
TRAXEHW128F423E590,New Jersey,nan,nan
TRAAAFD128F92F423A,,nan,nan
TRBBQFV128F4252EFF,Galveston/ TX,nan,nan
TRATESL128F92F12DF,,nan,nan
TRADDRF128F145869F,Glasgow/ Scotland,nan,nan
TRAPIIR128F42AEE95,,nan,nan
TRAIOWX128F14750E5,Los Angeles/ CA,nan,nan
TRALJVQ128F428C764,Los Angeles/ California,nan,nan
TRBFXVN128E078CF62,,nan,nan
TRAWGKB128F4268327,,nan,nan
TRAAVGB12903CFAA99,McLellan/ FL,nan,nan
TRBHMMC128F424991B,,nan,nan
TRAAXMX128F9307699,,nan,nan
TRADSQZ128F42707D7,Newcastle,nan,nan
TRADFQK128F422B492,,nan,nan
TRBFVZZ128F92FD7B5,,nan,nan
TRBHDTL128F1468F7D,,nan,nan
TRAQEKD128F425293D,,nan,nan
TRAMMAF128F93051B0,London/ England,nan,nan
TRAZKAG12903CD1918,Ukiah/ CA,nan,nan
TRAGOVG128F42A963D,Bakersfield/ CA,nan,nan
TRAWWQM128F148C796,New York/ NY,nan,nan
TRAPPUJ128F931B3D1,,nan,nan
TRAHFOU128F42B3F2A,Long Island/ NY,nan,nan
TRABQZK128F92F54F4,Barranquilla/ Colombia,nan,nan
TRAKDDB128F92D168A,Hollywood/ CA,nan,nan
TRBEVTM128F92FE2B2,Los Angeles/ CA,nan,nan
TRAAZBD128F427A97D,Brookyln/ NY,nan,nan
TRAZORC128F426C323,Melbourne/ Australia,nan,nan
TRAGFOI128F428E060,,nan,nan
TRAKWTG128F42454E2,Gainesville/ FL,nan,nan
TRACSBL128F42480E8,Sydney/ Australia,nan,nan
TRADZXK128F429DB92,,nan,nan
TRAGAGQ128E0781352,,nan,nan
TRABGMB12903CF50FE,Germany,nan,nan
TRAOOHM128F1453E33,New York/ NY [Harlem],nan,nan
TRABFKN12903CAF61B,Baltimore/ MD,nan,nan
TRACVFF12903CF055A,Amherst/ MA,nan,nan
TRAEDYD128F425A868,,nan,nan
TRAWFYX12903CA4766,,nan,nan
TRABLMN128E0792687,,nan,nan
TRAPEHR128E0786D5A,,nan,nan
TRAJMQE128F9322DDD,,nan,nan
TRBFLER128F148C52B,Boston/ MA,nan,nan
TRAPVRU128F9302300,,nan,nan
TRAAARJ128F9320760,,nan,nan
TRABYVN128F429E5CF,,nan,nan
TRBARHH128E078EDE9,Boston/ MA,nan,nan
TRANTFR128F931C7DA,Salt Lake City/ UT,nan,nan
TRATCLI128F422BCF8,,nan,nan
TRBCTRX128F4299237,Croix-des-Bouquets/  Haiti,nan,nan
TRBCUBV128F145F7E9,Galveston/ TX,nan,nan
TRBBMQN128EF35F995,Los Angeles/ CA,nan,nan
TRAAIHL128F92E6DDA,Philadelphia/ PA,nan,nan
TRAPVDC128F422C711,,nan,nan
TRBIJFB128F92ED124,Buffalo/ NY,nan,nan
TRBICRP128F42882BB,Atlanta/ GA,nan,nan
TRAKZHN128F426C3D2,Boston/ MA,nan,nan
TRAMHMO128F93167EA,,nan,nan
TRBHKXX128F4252D02,Oxford/ UK,nan,nan
TRADRJK128E078F041,J�ping/ Sweden,nan,nan
TRBFUSW128F92D0357,Brooklyn/ NY,nan,nan
TRAAFMS128F933AB23,,nan,nan
TRBGGYE128F42B63AB,Austin/ TX,nan,nan
TRBEOUP12903CF652E,,nan,nan
TRAVGNH128F428CBA9,,nan,nan
TRAULEG128F92F035B,,nan,nan
TRAMXPQ128F148B0C2,Cleveland/ TN,nan,nan
TRAKQFZ128F429D3C9,San Francisco/ CA,nan,nan
TRAYMKM128F4277046,Forest Hills/ Queens/ New York City/ NY/ USA,nan,nan
TRBIBKA128F42947BF,,nan,nan
TRAENOH128F933978A,,nan,nan
TRAUUIF128F93232FE,,nan,nan
TRATDDM128F93417AF,,nan,nan
TRBDSLA128F4288246,Severn/ MD,nan,nan
TRAYPMR128E0785DD1,,nan,nan
TRALAZG128F93170BF,,nan,nan
TRAPIPG128F42521C6, ,nan,nan
TRAWIGT128F427448E,,nan,nan
TRAUJPQ128F930D4C5,,nan,nan
TRBDWLE128F42B3112,Brooklyn/ NY,nan,nan
TRAXUPN128F42855C8,,nan,nan
TRBEATE128E078F0D8,Sayreville/ NJ,nan,nan
TRAVXII128F92FCC6D,,nan,nan
TRBFURI128F1455498,Scotland,nan,nan
TRBAFWX12903CA9831,Atlanta/ GA,nan,nan
TRAKHYP128E0792F07,Old Town/ ME,nan,nan
TRAXSWX128E0792BEF,,nan,nan
TRAENGX12903CBDFF6,,nan,nan
TRAIATD128F9331CD6,Atlanta/ GA,nan,nan
TRAMCGL128F92F3D87,Long Beach/ California,nan,nan
TRATMDD12903D11C7A,Gore/ VA,nan,nan
TRAQYOC128F9341CDC,East Flatbush/ Brooklyn/ NY,nan,nan
TRAOREE128F934DB89,,nan,nan
TRAGDPH128F9344020,San Francisco/ CA,nan,nan
TRAWOBG128F93256C6,Boston/ MA,nan,nan
TRASIVA128F933DB52,Philadelphia/ PA,nan,nan
TRBEBEZ128E0792F08,Old Town/ ME,nan,nan
TRAJEZT128E0795DF3,Middlesbrough/ England,nan,nan
TRAJKMI128F4281107,,nan,nan
TRAECSU128F426A84A,,nan,nan
TRBGJIZ128F92E42BC,,nan,nan
TRADESF128F4214D8E,,nan,nan
TRAJAZP128F4290FF9,Atlanta/ GA,nan,nan
TRAKOPE128F421CE6A,Gore/ VA,nan,nan
TRBFLOH128F42630E3,Englewood/ NJ,nan,nan
TRALZTM128F92EC5F0,Charlemagne/ Quebec/ Canada,nan,nan
TRASWKJ128E0792FE7,Old Town/ ME,nan,nan
TRAMMDM128F425EAA9,Croix-des-Bouquets/  Haiti,nan,nan
TRAUWRW128F9358C69,Brooklyn/ NY,nan,nan
TRBHMZS128F42658FF,Memphis/ TN,nan,nan
TRAJSNU128F92F2AC0,,nan,nan
TRAZJOI12903CDA550,Sayreville/ NJ,nan,nan
TRAVTEH128E07953EA,Sayreville/ NJ,nan,nan
TRANIWL128F4262AB0,,nan,nan
TRAZJUH128F934465B,,nan,nan
TRAFIHK12903CBDFF1,,nan,nan
TRAZHZI128F930653D,,nan,nan
TRBEBYV128F14A0B65,,nan,nan
TRASXZE128F427F156,Oxford/ England,nan,nan
TRAHIPA128F4279744,,nan,nan
TRAAGCZ128F93210FD,Los Angeles/ CA,nan,nan
TRASZSF128F428B8F3,Sledge/ MS,nan,nan
TRANRKN128F93127BB,,nan,nan
TRAFCVI128C7196BE6,Birmingham/ England,nan,nan
TRBCBLV128F14ADF31,Fort Wayne/ Indiana,nan,nan
TRAPDOI128F9327982,,nan,nan
TRBDKQI128F1465028,,nan,nan
TRAMSAY128F92ED0DD,Buffalo/ NY,nan,nan
TRAFQFM128E078EC97,St. Joseph/ MO,nan,nan
TRAIUPS128F92F2825,Helsinki/ Finland,nan,nan
TRAGXUZ128F9311745,Kingsland/ AR,nan,nan
TRAULGT12903D10B94,Memphis/ Tennessee,nan,nan
TRBBWDJ128F42595D5,Dublin/ Ireland,nan,nan
TRBGTPK128F429E5D5,,nan,nan
TRBBHPQ128F145A7F8,Seymour/ IN,nan,nan
TRARTJL128F92CB44B,Sayreville/ NJ,nan,nan
TRAGYJM128EF3466D2,Amherst/ MA,nan,nan
TRADQJL128F92D9957,Sydney/ Australia,nan,nan
TRAQDSN128F42934A2,,nan,nan
TRANKIL128F1476FA2,London/ England,nan,nan
TRBBMIF12903CA1EB0,United Kingdom,nan,nan
TRBGZKO128F92DB016,London/ England,nan,nan
TRAKGAX128F4264182,,nan,nan
TRAYIUG12903CC7E3C,Arles/ France,nan,nan
TRBEELS128F42B63A8,Austin/ TX,nan,nan
TRAHSTL128F931708D,,nan,nan
TRARKRC128E0791D82,,nan,nan
TRAZJGD128F4289D2A,Geneva/ NY,nan,nan
TRALLSP128F148AD75,,nan,nan
TRBHZAA128F4271AE9,,nan,nan
TRAOATJ128F147FC9B,Chiswick/ London/ England,nan,nan
TRAKHXX128E07877EB,,nan,nan
TRBDBVM128F427BCC9,,nan,nan
TRAZBBP128E07845D4,Atlanta/ GA,nan,nan
TRAFAJC128E078888B,,nan,nan
TRBBDPA12903CCCA06,,nan,nan
TRABZCL128E0789AED,Quantico/ VA,nan,nan
TRAGNGY12903C9CD76,,nan,nan
TRAONNA128F4268CCA,Queensbridge/ NY,nan,nan
TRATGQO128F421B850,,nan,nan
TRAGQVO128F145C0AF,Boston/ Massachusettes,nan,nan
TRAAUEO128E0780CB9,London/ England,nan,nan
TRBFYKT128F428AFF7,Lynchburg/ VA,nan,nan
TRAMCND128F1466ACF,New York/ NY,nan,nan
