track_id,location,latitude,longitude
TRALLQX12903CD838C,Chicago/ IL,41.88415,-87.63241
TRBEBVZ128F425A660,Newton-le-Willows/ Merseyside/ England,53.45644,-2.63265
TRALTKQ128F932DA67,Berlin/ Germany,52.51607,13.37698
TRAFAQY12903CA70F7,Detroit/ MI,42.33168,-83.04792
TRAPCNK128F427D7B5,Antibes/ France,43.58015,7.12123
TRAKHUW12903CF0048,Norway,64.55653,12.66538
TRAOJZC128F14932D5,Crawley/ England,51.11655,-0.18703
TRANUME128E0789D4C,New York/ NY,40.71455,-74.00712
TRBEHGH128E078DEDE,Philadelphia/ Pennsylvania/ U.S.,39.95227,-75.16237
TRANSYV128F428A00C,Galloway/ Panola County/ TX,32.20049,-94.35887
TRAVGZS128F9338603,Itawamba County/ MS,34.27611,-88.35068
TRARFQL128F931E523,Hacienda Heights/ CA,33.99363,-117.97092
TRADKLT128F9304E1D,Brooklyn/ NY,40.71455,-74.00712
TRAAWOR128F92DF3C8,Scotland,56.65286,-3.99667
TRARTSA128F4291550,Madison/ Wisconsin,43.07295,-89.38669
TRAERPT128F931103E,London/ England,51.50632,-0.12714
TRAXXIT128F4263075,Brazil/ IN,39.52517,-87.1187
TRAYXPS128F422842E,New York/ NY,40.71455,-74.00712
TRATHTH128F42BC347,Nashville/ Tennessee,36.16778,-86.77836
TRAVBAH128F9305DFC,New York,40.71455,-74.00712
TRAOCOE128F4276D18,London/ England,51.52328,-0.21346
TRABLGI128F42B867A,Orange County/ CA,33.6671,-117.76505
TRAJLOY128F92E4EAF,Toronto/ Ontario/ Canada,43.64856,-79.38533
TRAOJMY128E07836D9,New York,40.71455,-74.00712
TRARUTP128E0797FC7,Los Angeles/ CA,34.05349,-118.24532
TRATYJI128F4255D27,Denmark,56.27609,9.51695
TRBAHJW128F92CC8B4,Jyväskylä/ Finland,62.24049,25.75129
TRADSVJ12903C9CDFA,London/ England,51.50632,-0.12714
TRATHFM128F148ADD4,Los Angeles/ CA,34.05349,-118.24532
TRAVYHI12903CB95EC,Thaba Nchu,-29.21545,26.83776
TRAGNAX128F9313AE8,Dallas/ TX,32.77815,-96.7954
TRBIDUK128F42806A4,Smithville/ GA,31.90143,-84.25274
TRBHHWQ128F93321AB,Madison/ Wisconsin,43.07295,-89.38669
TRADHLI128F428FEFD,Venice/ CA,34.05349,-118.24532
TRBAOJU128F42621E6,L.A 	California/ Estados Unidos ,37.16793,-95.84502
TRABGHG128F934B27E,Arizona,34.16788,-111.9307
TRASYSY128F92F39F5,California - LA,34.05349,-118.24532
TRABNET128F14560AC,Oklahoma City/ OK,35.472,-97.52033
TRBECAL128F4270F27,Coral Springs/ Florida,26.27249,-80.25306
TRALLQJ128F933C68A,Toronto/ Ontario/ Canada,43.64856,-79.38533
TRAQEVV128EF34E413,Sydney/ Australia,34.05349,-118.24532
TRAHZMM128E07838FF,Glasgow/ Scotland,55.8578,-4.24251
TRAYUWU128F423F66D,Edwards/ MS,32.33112,-90.60536
TRBEIKK128F14628D6,Newcastle/ England,54.97791,-1.61237
TRADOSF128F9338ADB,Buenos Aires/ Argentina,-34.60852,-58.37354
TRAINIF128F426416B,Orlando/ FL,28.53823,-81.37739
TRAVTUD128F93094F2,Birmingham/ England,52.47859,-1.9086
TRAEXEA128F933C67D,Toronto/ Ontario/ Canada,43.64856,-79.38533
TRAYUCR128F92E574F,San Francisco/ California,37.77916,-122.42005
TRAFOKY128F92ED751,Tulsa/ Oklahoma,36.15398,-95.99277
TRABUDK128F14943F3,Chicago/ IL,41.88415,-87.63241
TRACISV12903D13877,OCALA/ Florida,29.18752,-82.14039
TRASXSI128F9345EA2,Virginia,40.71455,-74.00712
TRADUOU12903CF4323,Austin/ Texas,30.2676,-97.74298
TRBBQJZ128F92C5AF2,Toronto/ Ontario/ Canada,43.64856,-79.38533
TRANIUS12903D00EC7,Jyväskylä/ Finland,62.24049,25.75129
TRAEPGQ128F932AE6D,Nashville/ TN/ Texas,36.16778,-86.77836
TRAUXEL128F42683D5,Finland,64.95014,26.06739
TRAYWLI128F9300223,Aberdeen,57.15382,-2.10679
TRBHPGG128F428C972,JP,37.4876,139.83829
TRACLRV128EF33FAB8,London/ England,51.50632,-0.12714
TRAYKZI128F932B9E8,Jacksonville/ FL,30.33138,-81.6558
TRAJTYX128F145AD24,England,52.88356,-1.97406
TRBEISL128F931B107,Melbourne,-37.81753,144.96715
TRAIJMG12903D08168,Los Angeles/ CA,34.05349,-118.24532
TRAAJYX128F4255568,Great Britain / UK,54.31392,-2.23218
TRAZYYE128F1456A0E,Lithonia/ GA,33.71197,-84.10599
TRAVDGG128F92E389A,Algiers/ LA,29.95244,-90.05202
TRALHMS128F930C08C,Boston/ Brooklyn USA,40.65507,-73.94888
TRAYVLL128F9335B7A,Buenos Aires,-34.60852,-58.37354
TRBGLSW12903CE3D8A,Barbados/ West Indies,16.85576,-69.46854
TRAVFEW128F92E2B47,Detroit/ MI,42.33168,-83.04792
TRBCBMG12903CDE2A4,Jamestown/ ND,46.91008,-98.70853
TRASRBB128F42AFD5C,Lexington/ KY,38.04859,-84.50032
TRACTLX128F42A51F6,Brooklyn/ NY,40.65507,-73.94888
TRAYZXS12903CF1C4F,Norway,64.55653,12.66538
TRAAGEC128E079252C,Cleveland/ OH,41.50471,-81.69074
TRBIJES12903CF5B12,Dayton/ OH,39.75911,-84.19444
TRBDKOV128F4290943,Brooklyn/ New York,40.65507,-73.94888
TRBHJAY128F14A9061,London/ England,40.71455,-74.00712
TRBGUUF128F9334B97,HOUSTON/ Texas,29.76045,-95.36978
TRAPFIP128F42AC31E,Harlem/ New York,40.8079,-73.9454
TRAVQBP128F145BB9B,San Antonio/ TX,29.42449,-98.49462
TRAZDTT128F9346306,Queens/ NY,40.7038,-73.83168
TRASGKM128F42644C5,New York,40.71455,-74.00712
TRAWWHT128F426894E,NY - New York City,40.71455,-74.00712
TRAYZBA128F4264551,New York/ NY [Manhattan],40.79086,-73.96644
TRAADYB128F92D7E73,Sao Paulo/ Brazil,-23.56287,-46.65466
TRAZFYU128F93569C6,Houma/ LA,29.59733,-90.71913
TRBFVEP128F42621E3,L.A 	California/ Estados Unidos ,37.16793,-95.84502
TRAJBGL128F145C7A8,Lynn Lake/ Manitoba/ Canada,56.85147,-101.04893
TRAYPFH128E07937C3,Seattle,47.60356,-122.32944
TRAPMTM128F425B4E5,CHICAGO/ US,41.88415,-87.63241
TRAMESI128F93509F7, NC,35.66693,-80.46935
TRAFYGA128F425A92C,London/ England,51.50632,-0.12714
TRBEBNV128F423783D,El Paso/ TX,31.75916,-106.48749
TRACKWV128F934B6B0,New Orleans/ LA,29.95369,-90.07771
TRBDBXO128F42B3E45,St. Renan/ France,48.43434,-4.62141
TRAVBCR128F933AE8E,Houma/ LA,29.59733,-90.71913
TRAITDY128F149431C,Volos/ Greece,39.37413,22.95775
TRAJDTK128F429FFDF,Galloway/ Panola County/ TX,32.20049,-94.35887
TRAMMQW128F42621E1,L.A 	California/ Estados Unidos ,37.16793,-95.84502
TRAVHIA128F1494B0C,Hackleburg/ AL,34.27798,-87.82828
TRASKII128F92FA33E,Anderson/ IN,40.10216,-85.67869
TRAOUOI128F4290E44,Galloway/ Panola County/ TX,32.20049,-94.35887
TRAZSJY128F92CCEA0,Walker-on-Tyne/ England,54.97938,-1.54508
TRAZSCZ128F42554F4,Berkeley/ CA,37.8695,-122.2705
TRAZLVR128E078F044,Angleterre,52.88356,-1.97406
TRBEXUF128F92DF175,London,51.50632,-0.12714
TRATTAF128F147CA09,Hermosillo Sonora/ Mexico,29.07904,-110.94695
TRAZYQU128F934AC32,Los Angeles/ CA,34.05349,-118.24532
TRABOOL128F426E836,Ireland,53.41961,-8.24055
TRAUTXO128F4263C8E,Nashville/ TN/ Texas,36.16778,-86.77836
TRBHTOR128F428CADE,Morris Plains/ NJ,40.82624,-74.47995
TRAORSC128F4235056,Bremerton/ WA,47.565,-122.62569
TRAYCIH128E07890B9,Crawley/ England,51.11655,-0.18703
TRAPEIN128E078892E,Chicago/ IL,41.88415,-87.63241
TRBBXML128F4256DFF,Norrtälje,59.75952,18.70249
TRAWGXD128F428A36B,Fort Meyers/ FL,27.9758,-81.54106
TRAKXYJ128F42525ED,New York/ NY,40.71455,-74.00712
TRAJSQA128F4263330,Vernet les Bains,42.54843,2.38596
TRAQGMY128F425A2F5,Aberdeen,57.15382,-2.10679
TRAJBSL128F428A021,Galloway/ Panola County/ TX,32.20049,-94.35887
TRAQKVC128F425E65C,London/ England,51.52328,-0.21346
TRAUDRC128F148D15E,Heston/ Middlesex/ England,51.4855,-0.37196
TRAQACB128F4263F7B,Manhattan/ Kansas,39.17881,-96.56183
TRAYZXR128F934858F,Bay Area/ CA,37.87869,-121.94345
TRALBIA128F4272082, NC,35.66693,-80.46935
TRAPVXU128F149E7CD,London/ England,51.50632,-0.12714
TRBDNZI128F14A9065,London/ England,40.71455,-74.00712
TRATJXC128F93124CE,Brenham/ TX,30.16602,-96.39998
TRAKMLM128F14932B0,katy,29.78772,-95.82333
TRBHJLT128F1460832,Arizona,34.16788,-111.9307
TRAYDYV128F42906E1,Fort Meyers/ FL,27.9758,-81.54106
TRAWFZB128F92FFB99,San Francisco/ CA,37.77916,-122.42005
TRANGIY128F427FA51,Los Angeles/ CA,34.05349,-118.24532
TRATKAA128F426E8A0,Ireland,53.41961,-8.24055
TRAHHMV12903CD0B0D,Orlando/ FL,28.53823,-81.37739
TRAUVVR128F425A925,London/ England,51.50632,-0.12714
TRAKUJS128F14668E5,San Antonio/ TX,29.42449,-98.49462
TRBFMTO128F9322AE7,London/ England,51.50632,-0.12714
TRBFUXQ128F145B135,Georgia,32.67828,-83.22295
TRBEWCS128F428BA34,Los Angeles/ CA,34.05349,-118.24532
TRAPSHW128F14560A6,Oklahoma City/ OK,35.472,-97.52033
TRANZRO128F4278401,SAN ANTONIO/ Texas,29.42449,-98.49462
TRABPGO128F931B50C,Bridgeport/ CT,41.18466,-73.19907
TRADCHC128F42134B5,Davis/ CA,38.54666,-121.74477
TRBFUNY128C7196B7D,San Fransisco/ CA,37.27188,-119.27023
TRBGFUW12903CA0E6B,Detroit/ MI,42.33168,-83.04792
TRAAGJV128F1464090,New York/ NY,40.71455,-74.00712
TRAPUFL128F425A8F9,Newton-le-Willows/ Merseyside/ England,53.45644,-2.63265
TRACHHH128E0788A35,Los Angeles/ California,34.05349,-118.24532
TRBHNEU128F426E873,Ireland,53.41961,-8.24055
TRAMUYQ128F428CA58,Chicago/ IL,41.88415,-87.63241
TRAOWXO128E0783F68,Glasgow/ Scotland,55.8578,-4.24251
TRAZTBZ12903CFB6DA,Sweden,62.19845,17.55142
TRARBGM12903CC5026,Mass. - Boston,42.31256,-71.08868
TRAMOPU128E07888FD,Chicago/ IL,41.88415,-87.63241
TRBGNAF128F9339532,New Hampshire,44.00118,-71.6342
TRBBXEG128F424EC2C,Halifax/ Nova Scotia/ Canada,44.64616,-63.57392
TRAGEQI128F429154D,Madison/ Wisconsin,43.07295,-89.38669
TRAVLNW128F4272F05,Peru,-9.18134,-75.00236
TRAWZRG128F1489B24,Hermosa Beach/ CA,33.86404,-118.39535
TRAWSYF128F149431A,Volos/ Greece,39.37413,22.95775
TRAQSWI128F9343039,Vermillion/ SD,42.78668,-96.92803
TRAWBOE128F92F2F46,Seattle/ WA,47.60356,-122.32944
TRAKWXV128F42889FB,Newbury Park/ CA,34.18806,-118.94151
TRAEBXS128F429933A,Kentwood/ LA; Los Angeles/ CA,34.05349,-118.24532
TRBBYOI128F4256732,Los Angeles/ CA,34.05349,-118.24532
TRAUZVU12903CC050D,Queens/ NY,40.7038,-73.83168
TRAACER128F4290F96,Morris Plains/ NJ,40.82624,-74.47995
TRAJMEL128F4262B4A,Austin/ TX,30.2676,-97.74298
TRAXGVY128F933E9C9,Walker-on-Tyne/ England,54.97938,-1.54508
TRASZQB12903CAAE1B,Gothenburg/ Sweden,57.70133,11.96689
TRAJHCS128F93192B5,S�/ France,46.71067,1.71819
TRAQJMP128F92E3821,UK,54.31407,-2.23001
TRARMUI128F147162F,Woking/ Surrey/ England,51.31476,-0.56623
TRAUOXB128F146573B,Washington/ England,54.89814,-1.53179
TRABIPA128F1458F79,London/ England,51.50632,-0.12714
TRAXBUJ128F4247432,Houston,29.76045,-95.36978
TRALOBE12903CDA6C5,Earth,34.23294,-102.4102
TRAXUBG128F9332164,Tacoma/ WA,47.25513,-122.44165
TRACBWQ128F92F2B91,Columbus/ GA,32.46292,-84.98763
TRABYAR128F931B1A4,Ukiah/ CA,39.15093,-123.2079
TRAQRRD128F425F8E7,Paris/ France,48.85692,2.34121
TRBARSX12903D03AE5,Ibadan/ Nigeria,7.37884,3.89527
TRBBHFE12903CA5EEB,Madison/ WI,43.07295,-89.38669
TRASQCW12903CA07D9,Muswell Hill/ London/ England,51.59109,-0.14858
TRBCWPC128F42438DF,Minneapolis/ MN,44.97903,-93.26493
TRANIPA128F93151A2,East Orange/ NJ,40.76099,-74.20991
TRAWODX128F42AC413,Cork/ Ireland,51.89834,-8.47277
TRAMBHU128F425A620,Newton-le-Willows/ Merseyside/ England,53.45644,-2.63265
TRATFEN128F14A3A6E,Chickasaw County/ MS,33.90698,-88.95535
TRBEFJE128F932139E,Dublin/ Ireland,53.34376,-6.24953
TRADNRG128F4295A0E,Brownsville/ TX,25.89958,-97.49553
TRADWAU128F145622F,Birmingham,52.47859,-1.9086
TRBBHUW128F429476F,Germany,51.16418,10.45415
TRBFICL12903C9CE02,London/ England,51.50632,-0.12714
TRBEUMG128F422305C,Austin,30.2676,-97.74298
TRAJLEC128F93385A1,Paris/ France,48.85692,2.34121
TRAABLR128F423B7E3,Toronto/ Ontario/ Canada,43.64856,-79.38533
TRAHZIL12903CF1DC2,Marlin/ TX,31.30627,-96.89774
TRAXLLN128F428B982,New York/ NY,40.71455,-74.00712
TRAZOEU128F92E28DD,New York/ New York,40.71455,-74.00712
TRBFOEA128F425D2DB,Berkeley/ CA,37.8695,-122.2705
TRATWYC12903CE60D6,Morris Plains/ NJ,40.82624,-74.47995
TRARSKA128F9336A04,Kentwood/ LA; Los Angeles/ CA,34.05349,-118.24532
TRAADLH12903CA70EE,Detroit/ MI,42.33168,-83.04792
TRBBIBE128F4226E29,Ghent/ Belgium,51.05563,3.72856
TRANPHV128F9344CC3,Santa Barbara/ CA,34.41925,-119.69887
TRATQDK128F1489B3E,Hermosa Beach/ CA,33.86404,-118.39535
TRBBOPV12903CFB50F,New York/ NY [The Bronx],40.71455,-74.00712
TRADZQV128F14A5760,Bellhaven/ NC,35.21962,-80.01955
TRAQYUA128F428742F,Rossville/ Tennessee (Lived in Como/ Mississippi),34.51042,-89.94049
TRADRHX12903CCD1DF,Humboldt/ TN,35.82213,-88.91599
TRACXGH128F931686C,Dayton/ OH,39.75911,-84.19444
TRBDUXD128F148328A,Hacienda Heights/ CA,33.99363,-117.97092
TRBGKJU128E079851F,Dayton/ OH,39.75911,-84.19444
TRBCBXZ128F14628C3,Newcastle/ England,54.97791,-1.61237
TRAUFLM128F42AECDC,Kentwood/ LA; Los Angeles/ CA,34.05349,-118.24532
TRAZSRV128F1452866,Dublin/ Ireland,53.34376,-6.24953
TRABPUI12903CF22CE,H�enlinna/ Finland,64.95014,26.06739
TRALKHJ128F92E9D36,Spring Fork/ MO,38.57842,-93.2393
TRBBUCK128F42AFAD6,Harlem/ New York/ NY,40.8079,-73.9454
TRAMFHI12903CB4349,New Orleans/ LA,29.95369,-90.07771
TRBCGXN128F148C0CD,Queens/ NY,40.7038,-73.83168
TRARODV128F1460DBC,Philadelphia/ PA,39.95227,-75.16237
TRAZRBR128E0782989,Wangaratta/ Victoria/ Australia,-36.35484,146.32611
TRBEQFT128F4238A28,YAHD!,39.49974,-111.54732
TRAZWTT128F935AA16,Lund/ Sweden,55.70622,13.1876
TRAXRSK128F42B44D2,Los Angeles/ Ca,34.05349,-118.24532
TRAKMGY128F4269E37,Los Angeles/ CA,34.05349,-118.24532
TRARSAM128F4256E04,Norrtälje,59.75952,18.70249
TRBHQUM128F9309DE1,Birmingham/ England,52.47859,-1.9086
TRAXZSJ128F145B3B0,England,52.88356,-1.97406
TRAIVMM128F4266056,Los Angeles/ CA,34.05349,-118.24532
TRABWPT128F42B06CC,Los Angeles/ CA,34.05349,-118.24532
TRALENK128F92F39E9,California - LA,34.05349,-118.24532
TRALPQV128F424F989,Berlin/ Germany,52.51607,13.37698
TRAIZQI128F42A51F9,Brooklyn/ NY,40.65507,-73.94888
TRAFYYU128F4229376,Buffalo/ New York,42.88544,-78.87846
TRBEHFA128F145B3DA,England,52.88356,-1.97406
TRAHBQT128F4213403,Davis/ CA,38.54666,-121.74477
TRAEQQE128F42920E3,Dry Ridge/ KY,38.68193,-84.59431
TRAVLXZ128F42A22E4,Galloway/ Panola County/ TX,32.20049,-94.35887
TRBDCAH128EF362D31,Los Angeles/ CA,34.05349,-118.24532
TRAWEDC128F14A2EBA,San Francisco Bay Area,37.87869,-121.94345
TRBDLRT128F4296B2F,Georgia,32.67828,-83.22295
TRAYMFR12903D09540,Dry Ridge/ KY,38.68193,-84.59431
TRARBJW128E0788A1A,Manchester/ England,53.4796,-2.24881
TRAWCQE128F14676AC,NORTH FORT MYERS/ Florida,34.05349,-118.24532
TRAIYDL128E0791583,St Michael/ Barbados ,13.11199,-59.59895
TRAMTFQ128F9352EDB,Nordrhein-Westfalen,51.42721,7.66379
TRAAJJG128F4284B27,Lansing/ MI,42.73383,-84.59334
TRAIKBB128F428AD73,Elkhart/ IN,41.68676,-85.97567
TRAHJCI128F92FFB38,Harlem/ New York/ NY,40.8079,-73.9454
TRAEARU128E0781A02,London/ UK,51.50632,-0.12714
TRBFTJP128F426AC3F,England,52.88356,-1.97406
TRAAOJI128F1458DCD,London/ England,51.50632,-0.12714
TRAYLRT128F42605AF,Lansing/ MI,42.73383,-84.59334
TRAVWTN128F425D2D5,Berkeley/ CA,37.8695,-122.2705
TRABKBS128F42823EC,Chino Hills/ CA,33.99604,-117.75801
TRABAFJ128F42AF24E,Orlando/ FL,28.53823,-81.37739
TRBFJKU12903CEDB0C,San Antonio/ TX,29.42449,-98.49462
TRAPYVH128F428CFD7,Providence/ RI,41.82387,-71.41199
TRAWFCM12903CBE6FA,Latvia,56.87546,24.6075
TRAYICR128F4282520,CANADA - Ontario,49.38426,-84.75627
TRAKLML128E07999DA,London,51.50632,-0.12714
TRANEQB128F4284978,Ireland,53.41961,-8.24055
TRATBGP128F1482545,Manchester/ England,53.4796,-2.24881
TRANYAM12903CD9CFC,Houma/ LA,29.59733,-90.71913
TRARYCL128F1456224,Birmingham,52.47859,-1.9086
TRAASFP128F42980BD,Sevenoaks/ United Kingdom,51.27562,0.17898
TRAPDQG128F93018C0,Atlanta/ GA,33.74831,-84.39111
TRAHUQT128F4281228,Hanna/ Alberta/ Canada,49.26044,-123.11403
TRABXPR128F92F27FE,Ohsawa/ Ontario,43.72233,-90.59239
TRBHLDQ128F423EF10,Nashville / Los Angeles,42.33168,-83.04792
TRASWIV128E0788A84,Chicago/ IL,41.88415,-87.63241
TRACTHF128F4295A22,Brownsville/ TX,25.89958,-97.49553
TRACTUH128F92C93A3,Brooklyn/ NY,40.65507,-73.94888
TRARQSD128F427E2AA,Seattle/ WA,47.60356,-122.32944
TRAHKMS128F934B09E,Los Angeles/ CA,34.05349,-118.24532
TRADQBK128F92E8B5F,Nashville/ TN,36.16778,-86.77836
TRAURRO128F1489B2C,Hermosa Beach/ CA,33.86404,-118.39535
TRBEFQB128F932138A,Dublin/ Ireland,53.34376,-6.24953
TRBHNUB12903CC2475,Mass. - Boston,42.31256,-71.08868
TRAGKTN128F933C68B,Toronto/ Ontario/ Canada,43.64856,-79.38533
TRAZYQF12903CE3DA5,Venus,27.10442,-81.33231
TRAECWI128F4226133,New York,40.71455,-74.00712
TRAWNOH128F4287513,Glasgow ,55.8578,-4.24251
TRAWOCY128F145B051,New York/ NY,40.71455,-74.00712
TRACUCQ128F92FFBF7,Ibadan/ Nigeria,7.37884,3.89527
TRANRGP128F1465737,Washington/ England,54.89814,-1.53179
TRASHSN12903CA9E34,Harlem/ New York,40.8079,-73.9454
TRAMEBP12903CD7EEA,New York/ NY,40.71455,-74.00712
TRAKBON128F9311039,London/ England,51.50632,-0.12714
TRBEIYU128F92E88A9,Los Angeles/ CA,34.05349,-118.24532
TRAXQZA128F1463DEB,Heston/ Middlesex/ England,51.4855,-0.37196
TRBHOXV128F92FBB72,Madisonville/ TN,35.52069,-84.36354
TRAAZQW128F93430DC,Vermillion/ SD,42.78668,-96.92803
TRAHIJE128F4243356,Ft. Lauderdale/ FLORIDA,26.12367,-80.14356
TRAIELD128F92DC682,Nashville/ Tennessee,36.16778,-86.77836
TRAUJTZ12903CF7BB4,Freehold/ NJ,40.23447,-74.29504
TRAFRYJ128F92E638B,Cleveland/ OH,41.50471,-81.69074
TRAYWHE128F92E9D6A,Atlanta/ GA,33.74831,-84.39111
TRBCWYJ128F93213A1,Dublin/ Ireland,53.34376,-6.24953
TRATRMZ128F42A9AAC,California - LA,34.05349,-118.24532
TRAMEDG128E07933F4,London,51.50632,-0.12714
TRBIGRY128F42597B3,Ibadan/ Nigeria,7.37884,3.89527
TRAREDZ12903CFB6E3,Sweden,62.19845,17.55142
TRAPOYU128F42644C3,New York,40.71455,-74.00712
TRAEVLO128F933DE9E,New York/ NY,40.71455,-74.00712
TRAEFON128E078C6F8,Lincoln Park/ MI,42.25147,-83.18186
TRANULO128F422E6FE,Bogota/ COL,4.65637,-74.11779
TRAPMRB128E078E21E,London,51.50632,-0.12714
TRAKLEZ128F4270649,NY - New York City,40.71455,-74.00712
TRAFTCT128F425A900,Newton-le-Willows/ Merseyside/ England,53.45644,-2.63265
TRAKXPE128F1462FF2,Aiken/ SC,33.56173,-81.72239
TRBDNGV128F42895AE,Madisonville/ TN,35.52069,-84.36354
TRBGPCC128F428FF02,Venice/ CA,34.05349,-118.24532
TRBFHRA128F424D28A,Chattanooga/ TN,35.04644,-85.30946
TRBAUVN128F932FEF8,Kentwood/ LA; Los Angeles/ CA,34.05349,-118.24532
TRAHBOV128F92EF77A,Mass. - Western,42.18419,-71.71818
TRAPDIO128F933C680,Toronto/ Ontario/ Canada,43.64856,-79.38533
TRBGHJG128F428ADB4,Orange County/ CA,33.6671,-117.76505
TRAKDCQ128F42A247A,Harlem/ New York/ NY,40.8079,-73.9454
TRAQPHD128F4226E5E,Ghent/ Belgium,51.05563,3.72856
TRBFLFI128F427F374,Austin/ TX,30.2676,-97.74298
TRBDFCT128F4285E05,McMinnville/ TN,35.68094,-85.77449
TRBETVK128F4288B49,San Francisco/ CA,37.77916,-122.42005
TRAAABD128F429CF47,Memphis/ TN,35.14968,-90.04892
TRBBAKH128F92FA339,Anderson/ IN,40.10216,-85.67869
TRARJEK128F930B3AA,Dallas/ TX,32.77815,-96.7954
TRAUEYX12903CEAF48,Melbourne,-37.81753,144.96715
TRAZCOX128F42B6555,UK,54.31407,-2.23001
TRBCQLB128F9332CF4,Arizona,34.16788,-111.9307
TRBFIHG128F4289CF9,Anderson/ IN,40.10216,-85.67869
TRAAMES128F42AF068,Seattle/ WA,47.60356,-122.32944
TRADKAX128E0786B92,BA,-13.442,-41.9952
TRANWBG128F934AC15,Los Angeles/ CA,34.05349,-118.24532
TRAMVOM128F42ACB16,London/ England,51.50632,-0.12714
TRAJDGB128F42882AC,Atlanta/ GA,33.74831,-84.39111
TRAQMNB12903CDD58F,Melbourne/ Australia,-37.81753,144.96715
TRAHCVT128F4282806,katy,29.78772,-95.82333
TRAEPGH128F9343CD8,Buenos Aires.,-34.60852,-58.37354
TRAFMPX128F4246C49,Nueva Jersey (Estados Unidos),40.14323,-74.72671
TRACYCJ128F9309246,Kentwood/ LA; Los Angeles/ CA,34.05349,-118.24532
TRBIJMU12903CF892B,Portugal,39.55792,-7.84481
TRAUNPM12903CB7CCC,San Francisco/ CA,37.77916,-122.42005
TRAVRJA128F9329C4C,Seattle/ WA,47.60356,-122.32944
TRBGUUE128F1494FB6,London/ UK,51.50632,-0.12714
TRAYKTU128F934C82A,San Francisco Bay Area,37.87869,-121.94345
TRAADNA128F9331246,Dallas/ TX,32.77815,-96.7954
TRAGBOR128F92E1064,Norway,64.55653,12.66538
TRAAPIV128F1493132,Belfast/ Northern Ireland,54.5958,-5.93494
TRBBDXO128F14A4737,Dayton/ OH,39.75911,-84.19444
TRALPGW12903CAFFB5,Jacksonville/ FL,30.33138,-81.6558
TRAKVSG128EF34E609,France,46.71067,1.71819
TRAETAG128F93385AE,Paris/ France,48.85692,2.34121
TRAEZFJ128F422A5C0,Tokyo,35.67048,139.74092
TRBBYFJ128F42A22D4,Galloway/ Panola County/ TX,32.20049,-94.35887
TRAVKGM12903CA66FB,Los Angeles/ CA,34.05349,-118.24532
TRAOKXG128F4232497,Toronto/ Ontario/ Canada,43.64856,-79.38533
TRBDWRY128F427991E,Dallas/ TX,32.77815,-96.7954
TRAGSJQ128F149EF8D,Buffalo/ New York,42.88544,-78.87846
TRAIBXQ128F425E6A5,Nashville/ Tennessee,36.16778,-86.77836
TRAVANT128F92E3F71,New York/ New York,40.71455,-74.00712
TRACLHC128F9343C39,New Hampshire,44.00118,-71.6342
TRACLRS12903CE9386,Itawamba County/ MS,34.27611,-88.35068
TRBDCAB128F92F7EE4,Oxford/ England,51.7562,-1.25949
TRBFKHT128F427215E,New York/ NY [Manhattan],40.79086,-73.96644
TRAOMKV128F428CD51,Atlanta/ GA,33.74831,-84.39111
TRAFAAS12903CF0BE2,Portugal,39.55792,-7.84481
TRAROPS128F92F09A5,Salina/ OK,36.2929,-95.15261
TRABNEX128F92C9DEA,Nashville/ Tennessee,36.16778,-86.77836
TRAJFQF128F92E354E,California - LA,34.05349,-118.24532
TRAIKSH128E07816DF,Wangaratta/ Victoria/ Australia,-36.35484,146.32611
TRBGRGT12903CC5019,Mass. - Boston,42.31256,-71.08868
TRALCCO12903CEBB97,Boston/ MA,42.31256,-71.08868
TRAJFFF128F429874A,NORTH FORT MYERS/ Florida,34.05349,-118.24532
TRAGGVS128F4250CE8,Athens/ Greece,37.97615,23.73641
TRBFSKB128F145C5B1,Louisville/ KY,38.25486,-85.7664
TRAPFXX128E0785EBA,New York/ New York,40.71455,-74.00712
TRAPVGB128F42725AF,Anderson/ IN,40.10216,-85.67869
TRAPAES128E0786E60,Florida,27.9758,-81.54106
TRBGRWH128F92E3551,California - LA,34.05349,-118.24532
TRAFTMA128F933A3D7,Buenos Aires.,-34.60852,-58.37354
TRBCJIX128F424F99E,Berlin/ Germany,52.51607,13.37698
TRAHYDH128F9325200,New Jersey,40.14323,-74.72671
TRANTAN128E078B326,Lincoln Park/ MI,42.25147,-83.18186
TRAXOQD12903CDD59D,Melbourne/ Australia,-37.81753,144.96715
TRANDEK128F4259EBC,London/ England,51.52328,-0.21346
TRAXIYW12903CB4343,New Orleans/ LA,29.95369,-90.07771
TRAPQBU128F934C32D,Dublin/ Ireland,53.34376,-6.24953
TRAYYKO128F92E133B,California - SF,37.77916,-122.42005
TRATQUI128F9347C68,Brighton/ MA,42.3519,-71.14566
TRBAJRL128F1482E66,Jacksonville/ FL,30.33138,-81.6558
TRBHKCL128F425A036,London/ England,51.50632,-0.12714
TRBBOUN128F425A4E6,Newton-le-Willows/ Merseyside/ England,53.45644,-2.63265
TRAOHNR128F428CD58,Atlanta/ GA,33.74831,-84.39111
TRAMNJB128F92EFDC7,Finland,64.95014,26.06739
TRADFJJ128F934857E,Bay Area/ CA,37.87869,-121.94345
TRACNXS128F93395BA,Nottingham/ England,52.94922,-1.14392
TRBICVB128F9326B65,Campbell/ CA,37.28848,-121.94486
TRBEBWG128F93214A4,New York/ New York,40.71455,-74.00712
TRAQTYT12903D134AC,Beaumont/ TX,30.08615,-94.10158
TRACWBO128F92F322F,Dallas/ TX,32.77815,-96.7954
TRAFMIA128F92E2B2B,Detroit/ MI,42.33168,-83.04792
TRBCJRW12903CD02BC,Durham/ NC,35.99527,-78.89601
TRAMBFD128EF34B848,New York/ NY [Washington Heights],40.8448,-73.93585
TRAMMFP12903CB59C2,Couchman/ TX,31.1689,-100.07715
TRBENZL128F1455ECA,Fort Worth/ TX,32.74863,-97.32925
TRBDTZX128F92DFA66,Nashville/ TN,36.16778,-86.77836
TRAKARY128F427253E,Anderson/ IN,40.10216,-85.67869
TRAWTUV128F426DD46,Manchester/ England,53.4796,-2.24881
TRBDVJF128E078894B,Chicago/ IL,41.88415,-87.63241
TRAGAVF128F424829B,Robbinsville/ NC,35.32689,-83.80489
TRANREH128F93462CF,Philadelphia/ PA,39.95227,-75.16237
TRAYXZX128F930F022,Mexico City/ Mexico,19.4319,-99.13285
TRAEOUE128F93187B9,Sydney/ Australia,34.05349,-118.24532
TRARPCK128F92FEA7F,Brooklyn/ NY,40.65507,-73.94888
TRAECBR128F429F8C0,Kentwood/ LA; Los Angeles/ CA,34.05349,-118.24532
TRAOZEJ128F428CCEA,Atlanta/ GA,33.74831,-84.39111
TRAQTBF12903CCC1B7,England,52.88356,-1.97406
TRARFXI128F1468CE3,Leona/ Texas,31.15509,-95.96653
TRADMFK12903CC2478,Mass. - Boston,42.31256,-71.08868
TRADVSU128E0786371,NY - New York City,40.71455,-74.00712
TRABXLH128F935F8E7,Blythesville/ AR,34.7519,-92.13055
TRAGMXK128F9305A50,Buenos Aires,-34.60852,-58.37354
TRAVWZA128F931F36E,Kingston/ Ontario/ Canada,44.23153,-76.47933
TRAYOQI128F92F0967,Boston/ Brooklyn USA,40.65507,-73.94888
TRAMTIH128F933E8E4,Walker-on-Tyne/ England,54.97938,-1.54508
TRBBXMC128F422C330,Walker-on-Tyne/ England,54.97938,-1.54508
TRADAFY128F145B77B,Sch�erg/ Germany,50.82607,7.28021
TRAOMMU128F933878B,Greenwood/ MS,33.51711,-90.18043
TRAYESZ128F1458FAE,London/ England,51.50632,-0.12714
TRBCTBG128F42B7E1B,Cork City/ Ireland,51.89834,-8.47277
TRAOMDT12903CF73C3,Canada,56.95468,-98.30897
TRAQYZI128F4273CF3,Birmingham/ England,52.47859,-1.9086
TRBGJDW128F4292EDB,Harlem/ New York,40.8079,-73.9454
TRAYDJL128F145F261,Detroit/ MI,42.33168,-83.04792
TRAAQBF12903CF796B,NY - New York City,40.71455,-74.00712
TRAAENC128F1451DE9,Egremont/ Cumbria/ England,54.48303,-3.53444
TRAHKRO128F9320EA7,Kingston/ Ontario/ Canada,44.23153,-76.47933
TRAHVUK128F1456988,Philadelphia/ Pennsylvania/ U.S.,39.95227,-75.16237
TRADYQK128F42A762A,UK,54.31407,-2.23001
TRAAGPF12903CE027E,Tampa/ FL,27.94653,-82.45927
TRAWTKK128F92C25D0,Nashville/ Tennessee,36.16778,-86.77836
TRASQIB128F426693D,The Bronx  New York,40.8527855,-73.8390537935
TRANRIK128F148C860,St. Joseph  MO,39.7686055,-94.8466321
TRAZOSB128F9302A07,Los Angeles  CA,34.0543942,-118.2439408
TRAZDPO128E078ECE6,Boston  MA,42.3604823,-71.0595677
TRBAFBU128F427EFCE,London  England,51.5073219,-0.1276473
TRBDAVU128F423814A,Sayreville  NJ,40.4592726,-74.3609821
TRATCDG128F932B4D2,Seattle  Washington,47.6038321,-122.3300623
TRATOHC128EF3460DA,Borlänge,60.4856426,15.4234561
TRBFEIX128F426A5F8,Newcastle,54.9770924,-1.6142058
TRAPGOC128F932F01A,West London  England,51.5110498,-0.1437339
TRBFJGB128F42612B1,Houston  TX,29.675779,-95.4021585102
TRAEOOH128F934ACD4,Antarctica,-82.1081819,34.378236
TRAYUCR128E078EE0F,London  England,51.5073219,-0.1276473
TRASIKP128F423EED7,London  England,51.5073219,-0.1276473
TRAKORW128F1484DF0,Los Angeles   New York,34.0143928,-117.8984509
TRAMLZC128F92F3EB9,New York NY,40.7305991,-73.9865811
TRASIWA12903CFFC4D,St. Mary's  Jamaica,18.0247003,-76.82161165
TRAILUH128E0784D6D,St. Louis  MO,38.6272733,-90.1978888
TRASXHB128F933D3BD,Boston  MA,42.3604823,-71.0595677
TRAESJK128E0792227,St. Joseph  MO,39.7686055,-94.8466321
TRAJOIH128F14B08F7,ITALY,42.6384261,12.674297
TRAAHEG128E07861C3,Newark  NJ,40.735657,-74.1723666
TRAEGGV128F92F29B2,GERMANY,51.0834196,10.4234469
TRBBKLD128F424ABF5,Louisiana,30.8703881,-92.0071259
TRAGBHV128F4295074,Miami  Florida,25.7742658,-80.1936588
TRBBJFO12903D074EE,Los Angeles  CA,34.0543942,-118.2439408
TRBIHAU128F425C317,Amherst  MA,42.3803676,-72.5231429
TRAJXNB128F4261F43,Carle Place  New York,40.7526008,-73.6104057
TRAINYU128F4246BD1,Oxford  England,51.752225,-1.2583027
TRAATNJ128F42631BA,Bakersfield  CA,35.3738712,-119.0194638
TRAEUIW12903D018F0,Galveston  TX,29.299328,-94.7945881
TRBCYOI128F1455566,New York  NY,40.7305991,-73.9865811
TRARDJY128F14750EA,Los Angeles  CA,34.0543942,-118.2439408
TRANVZT128F42AE134,Austin  TX,30.2711286,-97.7436994
TRAWOHD128F148D176,Chicago  IL,41.8755546,-87.6244211
TRAVELY128F42606F8,Queens  NY,40.6524927,-73.7914213158
TRBCGRI128F93355E9,Glasgow  Scotland,55.856656,-4.2435816
TRBGWEG12903CFF7EE,Virginia,37.1232245,-78.492772
TRAVCNA128F930975C,Sweden,59.6749712,14.5208584
TRAUOPA128F93537F2,Syracuse  NY,43.0481221,-76.1474243
TRAPASL128F422BC00,Providence  RI,51.4325529,-2.6640438
TRAGJQL128E078E840,Timmins  Ontario  Canada,48.4759183,-81.3351617
TRATGTP128F427021D,Brooklyn  NY,40.6501038,-73.9495822
TRAGDPS128F145F8EE,Los Angeles  CA,34.0543942,-118.2439408
TRAAMPA128F92E7D0D,Los Angeles  CA,34.0543942,-118.2439408
TRAFMME128F932B4D5,Seattle  Washington,47.6038321,-122.3300623
TRAHFHR12903CCCAF8,New York NY,40.7305991,-73.9865811
TRBHCXR128F92E7D0E,Los Angeles  CA,34.0543942,-118.2439408
TRAWIJG128F42B502C,Timmins  Ontario  Canada,48.4759183,-81.3351617
TRAXWDS12903CEE35E,Sydney  Australia,-33.8548156,151.2164539
TRAPVYD12903CE0269,NORWAY,64.574131,11.5270102892
TRAHMIV128F14693DC,United Kingdom,54.7023545,-3.2765752
TRBDIOP128EF35F99C,Los Angeles  CA,34.0543942,-118.2439408
TRAEVRU128F4263351,Santa Monica  CA,34.0195598,-118.4869738
TRAJPPX128F4259FD4,London  England,51.5073219,-0.1276473
TRBHHUC128F4294C6F,CANADA - Ontario,50.0000002,-86.0
TRAKGDZ12903CE4867,LONG BEACH  California,33.7774658,-118.188487
TRBGCLK128F4237A50,Chiswick  London  England,51.4923137,-0.2638179
TRACBWX128F92FD725,Edmonton  Alberta  Canada,53.5343609,-113.5065084
TRAZVFJ128F9310CE2,Oxford  UK,51.752225,-1.2583027
TRACMHD128F931FB14,Helsinki  Finland,60.1666277,24.9435079
TRAFWRG128F4295089,Miami  Florida,25.7742658,-80.1936588
TRALMTD128E07862AC,Newark  NJ,40.735657,-74.1723666
TRBDTNY128F9327A10,England,52.7954791,-0.540240236617
TRAHCRI128F4255C6E,Paw Paw  WV,39.5321154,-78.4567384
TRAUODU128F9307467,Charlottesville  VA,38.029306,-78.476678
TRABRMJ128E0780E42,Poway  CA,32.9628234,-117.0358645
TRAPRQZ128F427E188,Calcutta  India,22.5677459,88.3476023
TRBHKKJ128F427A3B1,Croix-des-Bouquets   Haiti,18.5775444,-72.2296218
TRBDDKF128F426BF7B,PHILADELPHIA  Pennsylvania,39.9523993,-75.1635898
TRAPESV128F92FE5E9,Shelby  North Carolina,35.2923513,-81.5356462
TRBAHBP128F42985D6,New Jersey,40.0757384,-74.4041621
TRAJFRJ128F9328FF1,Memphis  Tennessee,35.1490215,-90.0516284
TRAOJEW128F4294CBD,Mogadishu  Somalia,2.0427779,45.3385636
TRAATIU128F4291A84,Atlanta  GA,33.7490987,-84.3901848
TRBFUMI128F42B5731,New York  NY,40.7305991,-73.9865811
TRBAHID128F4278EAF,Barranquilla  Colombia,11.04667645,-74.8490503668
TRAQGNV128C7196894,Poway  CA,32.9628234,-117.0358645
TRBAYER128F933D3B7,Boston  MA,42.3604823,-71.0595677
TRAGWTT128F148CF2C,Gainesville  FL,29.67360855,-82.3234140624
TRBCANP128F92FA6B9,New York  NY,40.7305991,-73.9865811
TRAMIUD128E07825DB,Richmond VA,-32.8660751,151.499496964
TRAZWDT128F4241B14,Quantico  VA,38.5228755,-77.2901862045
TRAZVZJ128F92EF28A,San Francisco  CA,37.7792808,-122.4192362
TRAQKPR128F427DDF8,Centre,47.5490251,1.7324062
TRAGYDZ12903D0957F,Seattle  WA,47.6038321,-122.3300623
TRADXCF128EF357134,Dundee  Scotland,56.4593653,-2.9735212
TRANCSE128F93044F1,Barranquilla  Colombia,11.04667645,-74.8490503668
TRAEFDK128F1473B92,United States,39.7837304,-100.4458824
TRAOYHS128F427EF8B,Sacramento  CA,38.5815719,-121.4943995
TRAOEAQ12903CC26BD,Long Island  NY,40.8517821,-73.099185269
TRANIJQ128F4298A10,New York  NY,40.7305991,-73.9865811
TRBBILZ12903CB422C,San Francisco  CA,37.7792808,-122.4192362
TRBHBGB128F931E4CF,Philadelphia  Pennsylvania,39.9523993,-75.1635898
TRACSIE128F427F98E,The Bronx  New York,40.8527855,-73.8390537935
TRAEWLF128F42B1F89,Minneapolis  MN,44.9772995,-93.2654691
TRAWDWZ128F9340E55,Fairfax  California,37.9871455,-122.5888685
TRALJBT128F4266FD8,The Bronx  New York,40.8527855,-73.8390537935
TRBAXDP12903CD1922,Ukiah  CA,39.1501662,-123.207786
TRAEVRI128F93608F3,Chiswick  London  England,51.4923137,-0.2638179
TRACRON12903CB59E6,Columbus  OH,39.9622601,-83.0007064
TRBFJPO128F4295BE3,Barranquilla  Colombia,11.04667645,-74.8490503668
TRAJZCH128F933D2B7,Boston  MA,42.3604823,-71.0595677
TRAVUAJ128E078EDA2,Boston  MA,42.3604823,-71.0595677
TRBBMPH128F1469775,United Kingdom,54.7023545,-3.2765752
TRBGIDU128F4241A2E,Seattle  WA,47.6038321,-122.3300623
TRAQDZZ128F42AF66A,Memphis  TN,35.1490215,-90.0516284
TRAZCSY128F42683F2,California - LA,36.7014631,-118.7559973
TRANCCN128E0794B18,Los Angeles  CA,34.0543942,-118.2439408
TRAOWBP128F4257C64,Galveston  TX,29.299328,-94.7945881
TRAETTV12903CBBD09,Seattle  USA,47.6038321,-122.3300623
TRAASQC128F93480F0,Chicago,41.8755546,-87.6244211
TRASYIH12903D08529,Los Angeles,34.0543942,-118.2439408
TRBEKGR128F425DA44,Los Angeles  CA,34.0543942,-118.2439408
TRARMHA128F92E7D32,Los Angeles  CA,34.0543942,-118.2439408
TRABJWA128F9309C09,Helsinki  Finland,60.1666277,24.9435079
TRARHCB128F148D1B0,New Jersey,40.0757384,-74.4041621
TRANIVG128F1484DED,Los Angeles   New York,34.0143928,-117.8984509
TRAQITZ128F4265E0E,Kingsland  AR,33.8584369,-92.2940371
TRBCSDW128F424D686,Maine,45.709097,-68.85902
TRBHJJP128F145EA12,San Antonio  TX,29.4246002,-98.4951404
TRAFJVH128F42BC25E,Compton CA,33.8948824,-118.2260433
TRBEUKI128F9318306,Teoc  MS,33.5792862,-90.0553621
TRAKQXJ128F147A028,Ukiah  CA,39.1501662,-123.207786
TRACUCT128F422BC2F,Denver  CO,39.7348381,-104.965327
TRAGALM128F4236C86,Japan,36.5748441,139.2394179
TRARSZV12903CDB2DE,Hudsonville  MS,34.8612054,-89.375075
TRBACUF128F4247F8C,Minneapolis  MN,44.9772995,-93.2654691
TRBBVNR128E078E1E4,Los Angeles  CA,34.0543942,-118.2439408
TRAMKKJ128F1463612,NY - Long Island,40.8517821,-73.099185269
TRAVKJJ128F424DA32,Chicago  IL,41.8755546,-87.6244211
TRAMARM128E0796A50,Stillwater  OK,36.1156306,-97.0585716
TRAJIUK128F42668E6,Wisconsin,44.4308975,-89.6884636
TRAFZHK128F145E86B,Wilkes Barre  PA,41.2464824,-75.8817315
TRBDYIC128F92F1D17,Detroit MI,42.3486635,-83.0567374
TRAVRPL128F145E874,Wilkes Barre  PA,41.2464824,-75.8817315
TRAZEYQ12903C9D099,Beaumont  Texas,30.0860459,-94.101846
TRAYABW128F4235888,Berkeley  CA,37.8708393,-122.2728638
TRAAAEF128F4273421,London  England,51.5073219,-0.1276473
TRAWEIX128F14B0F05,Mt. Vernon  NY,40.9125992,-73.8370785
TRAVPHL128F424EAE1,Escatawpa  MS,30.49112175,-88.5513368812
TRAWHZK12903CB5A01,Columbus  OH,39.9622601,-83.0007064
TRABZRZ128F42628AD,London  England,51.5073219,-0.1276473
TRABYEY128F933773A,Pittsburgh  PA,40.4416941,-79.990086
TRAUXSO128F42B863C,Newcastle,54.9770924,-1.6142058
TRBFSNP128F14572B5,California - LA,36.7014631,-118.7559973
TRANMOT128F92EFF19,Cross Lane  WV,39.180181,-81.7331799
TRBBJAJ128F425DA40,Los Angeles  CA,34.0543942,-118.2439408
TRAYQKQ128F1491182,London  England,51.5073219,-0.1276473
TRAEMNZ128F9334662,Boston  MA,42.3604823,-71.0595677
TRAUCZX128F149D9AE,Vidor  TX,30.1316001,-94.0154541
TRANRFB128F1481F1E,Batley  England,53.716564,-1.6363855
TRACFZI128E0795424,California,36.7014631,-118.7559973
TRABOXX128F92F29EB,Minnesota,45.9896587,-94.6113287
TRABVWG128F9359323,Los Angeles  California,34.0543942,-118.2439408
TRAYGHE12903CD213E,Braintree  Essex  England,51.8790108,0.5501584
TRAXPHE128F92F4100,Middlesbrough  England,54.5760419,-1.2344046
TRABJIX128C7196953,London,51.5073219,-0.1276473
TRAPTRH128F4271659,Beaumont  Texas,30.0860459,-94.101846
TRARIZK128F92FF27A,Garnant  Wales,51.7953874,-3.8911244
TRBEYJR128F4292651,Severn  MD,39.1278864,-76.6869127
TRAQEOP12903CA65E2,Barranquilla  Colombia,11.04667645,-74.8490503668
TRBALIJ128F14884B5,Muskegon  MI,43.2341813,-86.248392
TRAFRKU128F933CE16,Atlanta  GA,33.7490987,-84.3901848
TRARJPL128F931C7D2,Salt Lake City  UT,40.7670126,-111.8904307
TRAQQHJ128F9345DC3,Chicago,41.8755546,-87.6244211
TRACHKX128F934B07A,Stockholm,59.3251172,18.0710935
TRBHKKK128F427E9FF,Escatawpa  MS,30.49112175,-88.5513368812
TRAKOEB128F1478783,Chicago,41.8755546,-87.6244211
TRAWRHQ128F1495E6B,Niteroi  Brazil,-22.883237,-43.1154551
TRAQEUQ128F425282E,POLAND,52.0977181,19.0258159
TRALNOD128F4264AEB,Santa Monica  CA,34.0195598,-118.4869738
TRAMFFW128F4263AD7,London  England,51.5073219,-0.1276473
TRAHORF12903CDA9FB,Corte Madera CA,37.9254806,-122.5274754
TRARKGW128F92EB8F9,NL,26.1630556,94.5884911
TRAPAZE128F4233355,Pittsburgh  PA,40.4416941,-79.990086
TRANRWM128F42873F9,Tempe  AZ,33.4144139,-111.9094473
TRADGXI128F92EF28F,San Francisco  CA,37.7792808,-122.4192362
TRAPLMD128F932FF43,Los Angeles  CA,34.0543942,-118.2439408
TRAASUZ128F9314950,Bakersfield  CA,35.3738712,-119.0194638
TRATJSR128F4266791,The Bronx  New York,40.8527855,-73.8390537935
TRARANL128F1478789,Chicago,41.8755546,-87.6244211
TRBFVZI128F147FCAF,Chiswick  London  England,51.4923137,-0.2638179
TRAYJHF128F4294CB8,Mogadishu  Somalia,2.0427779,45.3385636
TRAIPST128F9302AE9,St. Joseph  MO,39.7686055,-94.8466321
TRAZXDC128F429874E,Kingston  Jamaica,17.9712148,-76.7928127
TRAMBBV128F9337714,Pittsburgh  PA,40.4416941,-79.990086
TRAAPPQ128F14961F5,Athens  GA,33.9595974,-83.3766779
TRAWLGG128F42884CA,Atlanta  GA,33.7490987,-84.3901848
TRAHCHN128F4276D58,Arles  France,43.6776223,4.6309653
TRBFBUO128F42A3DED,Eskilstuna  Sweden,59.3717379,16.5051474
TRAYKOC128F930D2B8,Boston  MA,42.3604823,-71.0595677
TRAUVUF128F148D1AA,New Jersey,40.0757384,-74.4041621
TRAWTGS128F14569A8,London  England,51.5073219,-0.1276473
TRBFBOG128F9356C6E,allentown Pennsylvania USA,40.6022059,-75.4712793
TRAAXUY128F426BA55,Los Angeles  CA,34.0543942,-118.2439408
TRABHVL128F92EFB0E,Bridgend  South Wales  UK,51.4968369,-3.5658028
TRAWDLK128EF342E1E,Newark  NJ,40.735657,-74.1723666
TRAEXHW128F92E2602,Geneva  NY,42.8689552,-76.9777435
TRADAYS12903CDBE0F,Greenwood  MS,39.60903665,-86.1070449882
TRBFRZX128F9341EAE,East Flatbush  Brooklyn  NY,40.6537148,-73.930415
TRAWSXV128F4273E35,Queensbridge  NY,40.75514545,-73.9449784413
TRACCVZ128F4291A8A,Atlanta  GA,33.7490987,-84.3901848
TRBFWSP128F92F29B4,GERMANY,51.0834196,10.4234469
TRAQOXO128F42636BD,London  England,51.5073219,-0.1276473
TRADODV128F4283EB6,Queensbridge  NY,40.75514545,-73.9449784413
TRAWGLP128F92DE5AD,LOS ANGELES  California,34.0543942,-118.2439408
TRARIRG128F147FC96,Chiswick  London  England,51.4923137,-0.2638179
TRAGHBP128E0793AF7,London  England,51.5073219,-0.1276473
TRAXWQU128F42716E2,Seymour  IN,38.9592201,-85.8902546
TRANCOS128F4267DFB,Borlänge,60.4856426,15.4234561
TRBADGN128F42AA534,Cádiz,36.5298292,-6.2925678
TRAXJHG128F427EA02,Escatawpa  MS,30.49112175,-88.5513368812
TRBCCAJ128F148CBBB,allentown Pennsylvania USA,40.6022059,-75.4712793
TRATZQS128F1467D4B,Georgia,32.3293809,-83.1137365
TRAAIAE128F42AC53D,Medicine Lodge  KS,37.2811339,-98.5803609
TRABXVE128F4284AFC,Forest Hills  Queens  New York City  NY  USA,40.7232458,-73.8466131103
TRBGMJF128F425E8EA,Los Angeles  CA,34.0543942,-118.2439408
TRAWVNL128F9327983,England,52.7954791,-0.540240236617
TRAPJPD128F14572B3,California - LA,36.7014631,-118.7559973
TRAGJPA128F92F9665,Dublin  Ireland,53.3497645,-6.2602731
TRANZIL128F42A2670,Locust Ridge  TN,35.6561818,-86.2952707
TRBAHEH128F9327D39,Croix-des-Bouquets   Haiti,18.5775444,-72.2296218
TRAKYWY128F9310CF4,Oxford  UK,51.752225,-1.2583027
TRBAWKB128F931BAEE,Minnesota,45.9896587,-94.6113287
TRBCNWM128F92D50EC,Queens  NY,40.6524927,-73.7914213158
TRAVLWL128F424EF6A,Stillwater  OK,36.1156306,-97.0585716
TRAEHXW128F146F3C5,Houston  TX,29.675779,-95.4021585102
TRAQLOD128F145EC9D,Madrid  Spain,40.4167047,-3.7035824
TRADKDX128F9320676,Seattle  WA,47.6038321,-122.3300623
TRACRTS128F9300F7E,Washington  D.C.,38.8949549,-77.0366455
TRALRTY128F428BE43,Atlanta  GA,33.7490987,-84.3901848
TRAXDAH128F422BBFC,Providence  RI,51.4325529,-2.6640438
TRAGNBQ128F149CB93,Wilmette  IL,42.0770909,-87.7238935
TRASDGG128F933EDE2,Pittsburgh  PA,40.4416941,-79.990086
TRBAIKM12903CBCF21,Regina  Saskatchewan  Canada,50.4480951,-104.615818
TRBETHV128F429722F,Cádiz,36.5298292,-6.2925678
TRAKCFG128F149D9B7,Vidor  TX,30.1316001,-94.0154541
TRAZVYP128F1459AD9,London  England,51.5073219,-0.1276473
TRAKMUO128F4215890,Madrid  Spain,40.4167047,-3.7035824
TRAPNII12903CEA4F8,England,52.7954791,-0.540240236617
TRBCJUF128F93190C2,LDN,50.10649545,14.4009095531
TRAZLLR128F42A8DCC,United States,39.7837304,-100.4458824
TRBHEBY128F148CF2B,Gainesville  FL,29.67360855,-82.3234140624
TRAWKPT128E0795428,California,36.7014631,-118.7559973
TRAUYZG12903CDA4E9,Sayreville  NJ,40.4592726,-74.3609821
TRBGZLM128F4221E63,Gainesville  FL,29.67360855,-82.3234140624
TRBFIAK128E07823AA,Wales,52.2928116,-3.7389299
TRAKXMS12903CB36F2,Charlottesville  VA,38.029306,-78.476678
TRADRNN128F92F7172,Chicago  IL,41.8755546,-87.6244211
TRATAIB128F92E81CB,Santa Barbara,34.4098107,-119.6970238
TRBFNBC12903CA9800,Atlanta  GA,33.7490987,-84.3901848
TRAFUWI128F934C730,Antarctica,-82.1081819,34.378236
TRAOSFC128F42618F6,New Orleans  LA,29.9499323,-90.0701155
TRANLJA128F42A5379,Locust Ridge  TN,35.6561818,-86.2952707
TRAMRFE128F4267DF3,Borlänge,60.4856426,15.4234561
TRANWOF12903CB3E19,Los Angeles  CA,34.0543942,-118.2439408
TRBGHND128E079438C,New York  NY,40.7305991,-73.9865811
TRAQEOG128F9353981,Syracuse  NY,43.0481221,-76.1474243
TRAIBXJ128F4260700,Queens  NY,40.6524927,-73.7914213158
TRAMFRD128E07833DA,Locust Ridge  TN,35.6561818,-86.2952707
TRARIIY128F147187D,New York  NY,40.7305991,-73.9865811
TRAGPAF128EF34542A,Long Island  NY,40.8517821,-73.099185269
TRBBVSO128F9341C12,Medicine Lodge  KS,37.2811339,-98.5803609
TRALDUE128F9312AF2,Dundee  Scotland,56.4593653,-2.9735212
TRAPJFL128F42AA7B4,Seattle  WA,47.6038321,-122.3300623
TRASAIH128F931F567,Orange  CA,33.7500378,-117.870493
TRAQVOG128F9340E58,Fairfax  California,37.9871455,-122.5888685
TRAJNWY128E078907F,Melbourne  Australia,-37.8142175,144.9631608
TRAPQNA128F93000EB,Gore  VA,39.2639911,-78.3319493
TRAKXIR128F92CF85A,Cleveland  TN,35.1595182,-84.8766114
TRASLHI128EF343C84,London  England,51.5073219,-0.1276473
TRBCUPT128F1462B73,Orange  CA,33.7500378,-117.870493
TRBBGQN128F9310CBE,Oxford  UK,51.752225,-1.2583027
TRAFLZY128F148959F,New Jersey,40.0757384,-74.4041621
TRAHXGG128F9350452,Bakersfield  CA,35.3738712,-119.0194638
TRAROQC128F4273979,Barranquilla  Colombia,11.04667645,-74.8490503668
TRATTNI128E0799697,Nashville  TN,36.1622296,-86.774353
TRANBMY128F426416A,Queens  NY,40.6524927,-73.7914213158
TRAVMXD12903CBBD0B,Seattle  USA,47.6038321,-122.3300623
TRBHIJC128F92E55E2,Greenwood  MS,39.60903665,-86.1070449882
TRBHAAK128F92E27BF,Croix-des-Bouquets   Haiti,18.5775444,-72.2296218
TRATDDF128F4294E6A,Eskilstuna  Sweden,59.3717379,16.5051474
TRBAAOT128F4261A18,Sayreville  NJ,40.4592726,-74.3609821
TRAZACV128F426983D,Glasgow  Scotland,55.856656,-4.2435816
TRAFBVU128F426B3F6,Oslo  Norway,59.9132694,10.7391112
TRBCPXR128F42AC544,Medicine Lodge  KS,37.2811339,-98.5803609
TRASCWR12903CCC575,Seattle  USA,47.6038321,-122.3300623
TRBBEGG128F9314BAA,Medicine Lodge  KS,37.2811339,-98.5803609
TRBGBGO128F4264203,Wisconsin,44.4308975,-89.6884636
TRBHQHN128F148A1B3,Amherst  MA,42.3803676,-72.5231429
TRBBVBM128F4276D82,Glasgow  Scotland,55.856656,-4.2435816
TRBIAVU128EF3493BA,Paw Paw  WV,39.5321154,-78.4567384
TRATDLH128F93384B0,LDN,50.10649545,14.4009095531
TRABBXU128F92FEF48,Hamtramck  MI,42.3928151,-83.0496437
TRAUNEL128F1467D5C,Georgia,32.3293809,-83.1137365
TRAIWZZ128F9306AFF,Bakersfield  CA,35.3738712,-119.0194638
TRARVZG128F1497359,BAKERSFIELD  California,35.3738712,-119.0194638
TRBBYDT128F14805B4,Chiswick  London  England,51.4923137,-0.2638179
TRBDLLL128F9331D6E,St. Louis  MO,38.6272733,-90.1978888
TRAZZQC128F427A0F5,Boston  MA,42.3604823,-71.0595677
TRBDVVT128F4279D11,Los Angeles CA,34.0543942,-118.2439408
TRAGVAO128F4289B5D,Queensbridge  NY,40.75514545,-73.9449784413
TRBFIUJ12903CFEB7C,City of Angels,34.0543942,-118.2439408
TRBGRIP128F147FCA6,Chiswick  London  England,51.4923137,-0.2638179
TRALDDK128F9300AC5,Orange  CA,33.7500378,-117.870493
TRBFYJE128F14A8ABF,Birmingham  England,52.4776875,-1.8948515
TRAKKOH128F42AF40E,The Bronx  New York,40.8527855,-73.8390537935
TRAPPUN128F429400B,Seattle  WA,47.6038321,-122.3300623
TRAPCHT128F4239830,Orlando  FL,28.5479786,-81.4127840856
TRACOHQ128F424C5EF,Cleveland  OH,41.5051613,-81.6934445
TRBIFOK128EF362D20,Los Angeles  CA,34.0543942,-118.2439408
TRAIWNA128F145E2CD,Batley  England,53.716564,-1.6363855
TRADXCO128F426B26D,NY - New York City,40.7305991,-73.9865811
TRABLLK128F428FFAF,Liverpool  England,53.4054719,-2.9805392
TRAZWGV128F425DA7C,Vidor  TX,30.1316001,-94.0154541
TRBFNMG128F4278109,Boston  MA,42.3604823,-71.0595677
TRAXJVO128F42AC534,Medicine Lodge  KS,37.2811339,-98.5803609
TRASYVP12903D09590,Seattle  WA,47.6038321,-122.3300623
TRAFKRE128F932002B,Baltimore  MD,39.2908608,-76.6108072
TRBIBAQ128F93279F5,England,52.7954791,-0.540240236617
TRAPMRV128F92F5F4C,Austin  TX,30.2711286,-97.7436994
TRAGQBY128F42635B7,London  England,51.5073219,-0.1276473
TRAGFVT128F92ECB5D,Manchester  England,53.4791301,-2.2441008
TRAONPF128F42480A7,Lynchburg  VA,37.40088,-79.1844922946
TRAKTWZ128EF35E206,Los Angeles   New York,34.0143928,-117.8984509
TRAURRP128F4261B94,Austin  TX,30.2711286,-97.7436994
TRALROP128F92CA9CC,Seattle  WA,47.6038321,-122.3300623
TRAJFDU128F426A5F4,Newcastle,54.9770924,-1.6142058
TRAMPCW128F92CC022,Forest Hills  Queens  New York City  NY  USA,40.7232458,-73.8466131103
TRAPGKY128F42972A9,St. Catharines  ON  Canada,43.1654193,-79.2391708
TRASSZI128F146EC5F,Dundee  Scotland,56.4593653,-2.9735212
TRBFPRL128F14569B9,London  England,51.5073219,-0.1276473
TRASDYA128F425E84F,Fairfax  California,37.9871455,-122.5888685
TRALQGZ128F146F500,Scotland,56.7861112,-4.1140517
TRAUSHD128E0795347,Sayreville  NJ,40.4592726,-74.3609821
TRAPGOZ128F933A945,Fargo  ND,46.8772292,-96.7898209
TRBBTUD128F42A10A3,POLAND,52.0977181,19.0258159
TRBATEY128F4285370,McLellan  FL,30.9865707,-86.8863502
TRAZYVR128F4280A24,Long Island  NY,40.8517821,-73.099185269
TRAMTYX128F42985D0,New Jersey,40.0757384,-74.4041621
TRADCIM128F427A3A1,Croix-des-Bouquets   Haiti,18.5775444,-72.2296218
TRAAQCK128F92E8C33,LDN,50.10649545,14.4009095531
TRAGHJX128F426F76F,Duluth  MN,46.7729322,-92.1251217
TRANEMQ128F42A10A8,POLAND,52.0977181,19.0258159
TRAEOBA12903CAFAB0,London  England,51.5073219,-0.1276473
TRAEVHU128F92D9EA0,Houston  Texas,29.7589382,-95.3676973
TRADFII128F931FC9F,Los Angeles  CA,34.0543942,-118.2439408
TRANTAD128F92FD042,Calcutta  India,22.5677459,88.3476023
TRAPQQI128F1460D64,Los Angeles  California,34.0543942,-118.2439408
TRAUXSK128F427C58D,Pittsburgh  PA,40.4416941,-79.990086
TRBFRFR128E0781C86,Gainesville  FL,29.67360855,-82.3234140624
TRADJGI128F148B0F6,Fargo  ND,46.8772292,-96.7898209
TRADFID128F4267231,Newcastle,54.9770924,-1.6142058
TRANPWV128F9341281,POLAND,52.0977181,19.0258159
TRAPHZT128F147A02B,Ukiah  CA,39.1501662,-123.207786
TRBDDTT128F4291192,New Orleans  LA,29.9499323,-90.0701155
TRALNJR128F145AC96,New York  NY,40.7305991,-73.9865811
TRALPKG12903CDCA8A,London  England,51.5073219,-0.1276473
TRAFCWJ128F42515AE,Teoc  MS,33.5792862,-90.0553621
TRBGNNC128F148D427,allentown Pennsylvania USA,40.6022059,-75.4712793
TRAWAXV128F92E075C,Minneapolis  MN,44.9772995,-93.2654691
TRAUOUZ128E078F8BB,Compton  California,33.8948824,-118.2260433
TRBHEVR128F4263CE0,Wisconsin,44.4308975,-89.6884636
TRAJHHE128F146815C,Gilmer  TX,32.7287472,-94.9424378
TRBCGKB12903CC0031,Batley  England,53.716564,-1.6363855
TRACBWP128C7196948,Escatawpa  MS,30.49112175,-88.5513368812
TRADFXD128F424694C,Borlänge,60.4856426,15.4234561
TRASAQI128F426EEA3,Duluth  MN,46.7729322,-92.1251217
TRAPHAH128F42677A4,The Bronx  New York,40.8527855,-73.8390537935
TRBGCAK128F425F3CC,Braintree  Essex  England,51.8790108,0.5501584
TRAMUUZ128F933CA08,allentown Pennsylvania USA,40.6022059,-75.4712793
TRBDIMX128F147A307,Niteroi  Brazil,-22.883237,-43.1154551
TRAFLMU128F4274A4D,ABD,30.3668544,48.2284409439
TRACVSS128E07846A7,Dundee  Scotland,56.4593653,-2.9735212
TRANIUD12903CCE692,Montego Bay  Jamaica,18.4724603,-77.9217356
TRAEOMS128F4262357,Berkeley  CA,37.8708393,-122.2728638
TRARUOP12903CF2384,Boston  MA,42.3604823,-71.0595677
TRBEIVC128F9320E95,Dundee  Scotland,56.4593653,-2.9735212
TRAQXJY12903CF3A0E,Birmingham  England,52.4776875,-1.8948515
TRAWULX128F4291255,Medicine Lodge  KS,37.2811339,-98.5803609
TRACTWW12903CB7550,Richmond VA,-32.8660751,151.499496964
TRAUJLJ128E0784E7C,Brooklyn  NY,40.6501038,-73.9495822
TRAGKUI128F92F4698,Sweden,59.6749712,14.5208584
TRAXRGF128F930A59F,New York  NY,40.7305991,-73.9865811
TRAIACZ128F428C60A,Atlanta  GA,33.7490987,-84.3901848
TRAXEHW128F423E590,New Jersey,40.0757384,-74.4041621
TRBBQFV128F4252EFF,Galveston  TX,29.299328,-94.7945881
TRADDRF128F145869F,Glasgow  Scotland,55.856656,-4.2435816
TRAIOWX128F14750E5,Los Angeles  CA,34.0543942,-118.2439408
TRALJVQ128F428C764,Los Angeles  California,34.0543942,-118.2439408
TRAAVGB12903CFAA99,McLellan  FL,30.9865707,-86.8863502
TRADSQZ128F42707D7,Newcastle,54.9770924,-1.6142058
TRAMMAF128F93051B0,London  England,51.5073219,-0.1276473
TRAZKAG12903CD1918,Ukiah  CA,39.1501662,-123.207786
TRAGOVG128F42A963D,Bakersfield  CA,35.3738712,-119.0194638
TRAWWQM128F148C796,New York  NY,40.7305991,-73.9865811
TRAHFOU128F42B3F2A,Long Island  NY,40.8517821,-73.099185269
TRABQZK128F92F54F4,Barranquilla  Colombia,11.04667645,-74.8490503668
TRAKDDB128F92D168A,Hollywood  CA,34.1028268,-118.3299898
TRBEVTM128F92FE2B2,Los Angeles  CA,34.0543942,-118.2439408
TRAZORC128F426C323,Melbourne  Australia,-37.8142175,144.9631608
TRAKWTG128F42454E2,Gainesville  FL,29.67360855,-82.3234140624
TRACSBL128F42480E8,Sydney  Australia,-33.8548156,151.2164539
TRABGMB12903CF50FE,Germany,51.0834196,10.4234469
TRABFKN12903CAF61B,Baltimore  MD,39.2908608,-76.6108072
TRACVFF12903CF055A,Amherst  MA,42.3803676,-72.5231429
TRBFLER128F148C52B,Boston  MA,42.3604823,-71.0595677
TRBARHH128E078EDE9,Boston  MA,42.3604823,-71.0595677
TRANTFR128F931C7DA,Salt Lake City  UT,40.7670126,-111.8904307
TRBCTRX128F4299237,Croix-des-Bouquets   Haiti,18.5775444,-72.2296218
TRBCUBV128F145F7E9,Galveston  TX,29.299328,-94.7945881
TRBBMQN128EF35F995,Los Angeles  CA,34.0543942,-118.2439408
TRAAIHL128F92E6DDA,Philadelphia  PA,39.9523993,-75.1635898
TRBIJFB128F92ED124,Buffalo  NY,42.8971799,-78.8533217725
TRBICRP128F42882BB,Atlanta  GA,33.7490987,-84.3901848
TRAKZHN128F426C3D2,Boston  MA,42.3604823,-71.0595677
TRBHKXX128F4252D02,Oxford  UK,51.752225,-1.2583027
TRBFUSW128F92D0357,Brooklyn  NY,40.6501038,-73.9495822
TRBGGYE128F42B63AB,Austin  TX,30.2711286,-97.7436994
TRAMXPQ128F148B0C2,Cleveland  TN,35.1595182,-84.8766114
TRAKQFZ128F429D3C9,San Francisco  CA,37.7792808,-122.4192362
TRAYMKM128F4277046,Forest Hills  Queens  New York City  NY  USA,40.7232458,-73.8466131103
TRBDSLA128F4288246,Severn  MD,39.1278864,-76.6869127
TRBDWLE128F42B3112,Brooklyn  NY,40.6501038,-73.9495822
TRBEATE128E078F0D8,Sayreville  NJ,40.4592726,-74.3609821
TRBFURI128F1455498,Scotland,56.7861112,-4.1140517
TRBAFWX12903CA9831,Atlanta  GA,33.7490987,-84.3901848
TRAKHYP128E0792F07,Old Town  ME,44.9342349,-68.6453091
TRAIATD128F9331CD6,Atlanta  GA,33.7490987,-84.3901848
TRAMCGL128F92F3D87,Long Beach  California,33.7774658,-118.188487
TRATMDD12903D11C7A,Gore  VA,39.2639911,-78.3319493
TRAQYOC128F9341CDC,East Flatbush  Brooklyn  NY,40.6537148,-73.930415
TRAGDPH128F9344020,San Francisco  CA,37.7792808,-122.4192362
TRAWOBG128F93256C6,Boston  MA,42.3604823,-71.0595677
TRASIVA128F933DB52,Philadelphia  PA,39.9523993,-75.1635898
TRBEBEZ128E0792F08,Old Town  ME,44.9342349,-68.6453091
TRAJEZT128E0795DF3,Middlesbrough  England,54.5760419,-1.2344046
TRAJAZP128F4290FF9,Atlanta  GA,33.7490987,-84.3901848
TRAKOPE128F421CE6A,Gore  VA,39.2639911,-78.3319493
TRBFLOH128F42630E3,Englewood  NJ,40.8928771,-73.972638
TRALZTM128F92EC5F0,Charlemagne  Quebec  Canada,45.7263547,-73.4976294
TRASWKJ128E0792FE7,Old Town  ME,44.9342349,-68.6453091
TRAMMDM128F425EAA9,Croix-des-Bouquets   Haiti,18.5775444,-72.2296218
TRAUWRW128F9358C69,Brooklyn  NY,40.6501038,-73.9495822
TRBHMZS128F42658FF,Memphis  TN,35.1490215,-90.0516284
TRAZJOI12903CDA550,Sayreville  NJ,40.4592726,-74.3609821
TRAVTEH128E07953EA,Sayreville  NJ,40.4592726,-74.3609821
TRASXZE128F427F156,Oxford  England,51.752225,-1.2583027
TRAAGCZ128F93210FD,Los Angeles  CA,34.0543942,-118.2439408
TRASZSF128F428B8F3,Sledge  MS,34.432039,-90.2224095302
TRAFCVI128C7196BE6,Birmingham  England,52.4776875,-1.8948515
TRBCBLV128F14ADF31,Fort Wayne  Indiana,41.0799898,-85.1386014
TRAMSAY128F92ED0DD,Buffalo  NY,42.8971799,-78.8533217725
TRAFQFM128E078EC97,St. Joseph  MO,39.7686055,-94.8466321
TRAIUPS128F92F2825,Helsinki  Finland,60.1666277,24.9435079
TRAGXUZ128F9311745,Kingsland  AR,33.8584369,-92.2940371
TRAULGT12903D10B94,Memphis  Tennessee,35.1490215,-90.0516284
TRBBWDJ128F42595D5,Dublin  Ireland,53.3497645,-6.2602731
TRBBHPQ128F145A7F8,Seymour  IN,38.9592201,-85.8902546
TRARTJL128F92CB44B,Sayreville  NJ,40.4592726,-74.3609821
TRAGYJM128EF3466D2,Amherst  MA,42.3803676,-72.5231429
TRADQJL128F92D9957,Sydney  Australia,-33.8548156,151.2164539
TRANKIL128F1476FA2,London  England,51.5073219,-0.1276473
TRBBMIF12903CA1EB0,United Kingdom,54.7023545,-3.2765752
TRBGZKO128F92DB016,London  England,51.5073219,-0.1276473
TRAYIUG12903CC7E3C,Arles  France,43.6776223,4.6309653
TRBEELS128F42B63A8,Austin  TX,30.2711286,-97.7436994
TRAZJGD128F4289D2A,Geneva  NY,42.8689552,-76.9777435
TRAOATJ128F147FC9B,Chiswick  London  England,51.4923137,-0.2638179
TRAZBBP128E07845D4,Atlanta  GA,33.7490987,-84.3901848
TRABZCL128E0789AED,Quantico  VA,38.5228755,-77.2901862045
TRAONNA128F4268CCA,Queensbridge  NY,40.75514545,-73.9449784413
TRAAUEO128E0780CB9,London  England,51.5073219,-0.1276473
TRBFYKT128F428AFF7,Lynchburg  VA,37.40088,-79.1844922946
TRAMCND128F1466ACF,New York  NY,40.7305991,-73.9865811
